Instrument,SEC_CODE
LP61500001,KFSEQ-D
LP61500003,KFSMUL
LP61500005,KFSPLUS-A
LP61500009,UOBSMG
LP61500010,TCMF
LP61500011,TFIF
LP61500013,ABG
LP61500015,ABCC
LP61500018,TISCOEGF
LP61500020,TISCOFLEXP
LP61500022,TISCOFLEX
LP61500024,TISCOAGF
LP61500026,TISCOEQF
LP61500034,BKA
LP61500035,BKA2
LP61500036,BKD
LP61500037,B-INFRA
LP61500038,BTK
LP61500039,BTP
LP61500040,BBASIC
LP61500041,BCAP
LP61500042,KPLUS
LP61500043,KPLUS2
LP61500044,KKF
LP61500045,TDF
LP61500051,TBF
LP61500052,TEF
LP61500055,KTFIXPLUS-D
LP61500057,KAF
LP61500059,SMARTMF
LP61500060,DE-1
LP61500062,SSB
LP61500063,SAN
LP61500064,TNP
LP61500065,TS
LP61500066,SCIF
LP61500067,SCIF2
LP61500070,UNF
LP61500071,RPF2
LP61500072,RRF1
LP61500075,BMBF
LP61500076,STD
LP61500077,STD2
LP61500078,SCDF
LP61500080,SF4
LP61500081,SF5
LP61500082,SF7
LP61500083,SF8
LP61500084,MFX
LP61500085,MFF
LP61500087,AGF
LP61500088,ASP
LP61500089,ONE-DI
LP61500093,ES-CSD
LP61500099,ES-EQUITY
LP61500106,ES-PPSD
LP61500110,ES-STSD
LP61500112,ES-TSARN
LP61500113,ES-TSB
LP61500121,THANA1
LP61500123,ONE-MIDSMALL
LP61500125,ONE-FLEX
LP61500129,SYRUS-M
LP61500131,ONE-UB 3
LP61500134,ONE-FAR
LP61500135,ONE-G
LP61500140,ONE-EQ
LP61500141,ONE-FAS
LP61500145,K-EQUITY
LP61500146,RKF4
LP61500147,K-STEQ-A(A)
LP61500148,K-FIXED-A
LP61500150,RKBC
LP61500156,K-VALUE
LP61500158,K-SELECT
LP61500160,K-CBOND-A
LP61500161,K-FEQ
LP61500165,TISCOEDF
LP61500167,ES-MF
LP61500168,ES-CB
LP61500169,ES-SET50-A
LP61500170,SCBSET
LP61500175,SCBDA
LP61500176,SCBRF
LP61500178,SCBSFF
LP61500181,SCBPMO
LP61500221,TOF
LP61500222,ES-TM
LP61500226,KFFLEX-D
LP61500232,K-GA-A(D)
LP61500242,B-FLEX
LP61500294,KTSF
LP61500582,ABFC
LP61500593,FLEXAR
LP61500608,TW-BAL
LP61500615,ABTED
LP61500634,ES-TTW
LP61500656,SCBDV
LP61500662,KFFIN-D
LP61500673,KFMTFI-D
LP61500683,KFGROWTH-D
LP61500702,MBT-G
LP61500709,KTSE
LP61500712,KFDYNAMIC
LP61500716,ABV
LP61500731,1AMSET50-RA
LP61500744,KFSEQ
LP61500765,ES-EQPLUS
LP61500775,ABSL
LP61500784,VAYU1B
LP61500787,BKKCP
LP61500788,TEF-DIV
LP61500791,KFCASH-A
LP61500811,TSF-A
LP61500819,KFVALUE-A
LP61500820,KFDNM-D
LP61500833,B-ACTIVE
LP61500845,M-S50-G
LP61500895,ES-SET50DV
LP61500976,ES-JB25
LP61500989,1S-LTF-T
LP61500990,CG-LTF
LP61500992,KEQLTF-C(L)
LP61500993,KDLTF-C(L)
LP61500994,ES-LTFD
LP61500995,ES-BIGCAPLTF
LP61500998,SCBLT1
LP61500999,SCBLT2
LP61501003,ABLTF
LP61501006,KFLTFA50-D
LP61501008,MVLTF
LP61501009,KKP LTFD
LP61501011,B-LTF
LP61501013,KFLTF50
LP61501018,UOBLTF
LP61501021,KFLTFDIV
LP61501024,ES-JB25LTFD
LP61501025,ES-JBPLTFD
LP61501027,KTLF-L
LP61501029,TISCOLTF-A
LP61501033,KKP PLUS
LP61501040,ASP-LTF-T
LP61501055,PRINCIPAL ELTF-T
LP61501059,1VAL-RD
LP61501064,MIF-G
LP61501090,MIPF
LP61501118,MMM-MF
LP61501121,B-TNTV
LP61501169,K-TREASURY
LP61501180,K-SET50
LP61501216,UOBSAS100
LP61501226,TISCOSTF
LP61501237,1SG-LTF-T
LP61501240,ABSM
LP61501245,TIF1
LP61501331,MNIT
LP61501347,PRINCIPAL EEF-D
LP61501350,PRINCIPAL 70LTFD-T
LP61501356,MALTF
LP61501364,ABAPAC
LP61501395,ES-CASH
LP65009913,SCBLT3
LP65009921,KFMTFI
LP65009931,MGAG
LP65010067,ES-GOLD
LP65010071,K70LTF-C(L)
LP65010075,ONE-GEM
LP65010077,PRINCIPAL LTF-T
LP65010080,K-CASH
LP65010090,BIG CAP-D LTF
LP65023108,ASIA-E
LP65023146,ABWOOF
LP65030209,KTSS
LP65030211,UOBSD
LP65030236,MGS
LP65030250,K-STAR-A(R)
LP65030255,ASP-NGF
LP65030260,KACB
LP65030261,KASF
LP65030262,KAEQ
LP65030275,KFLTFEQ
LP65035489,SCBPGF
LP65035517,K-GLOBE
LP65035573,HAPPY D5
LP65055421,KFLTFEQ70D
LP65055448,ABEG
LP65055449,KFFLEX
LP65055461,ASP-GLTF-T
LP65055465,KSLTF-L
LP65055480,QHPF
LP65055484,PRINCIPAL GCF-D
LP65055485,TU-PF
LP65055486,FUTUREPF
LP65055515,ES-WDEQ
LP65055516,ES-EMEQ
LP65068551,K-2520
LP65068553,KFLTFD70
LP65068554,KWI LTF
LP65068576,K-2500
LP65068577,K-2510
LP65068578,K-2530
LP65068586,KWI DRAGON
LP65068589,KSDLTF
LP65068594,TDLTF-A
LP65068598,EP-LTF
LP65068602,SCBLTS
LP65068603,1SMART-LTF
LP65068604,VALUE-D LTF
LP65068605,70/30-D LTF
LP65068607,KWI THEQ
LP65068608,SCBLT4
LP65068609,SCBLTT
LP65068610,KSET50LTF-L
LP65068614,P-LTF
LP65068615,KGLTF-C(L)
LP65068616,K20SLTF-C(L)
LP65068619,MIFLTF
LP65068622,MGLTF
LP65068625,MJLF
LP65068629,UOBSA
LP65068632,AEOB
LP65068643,PCASH
LP65068654,KTLF70/30-L
LP65068655,KF-ORTFLEX
LP65068662,PRINCIPAL DAILY FIX
LP65068694,KFSDIV
LP65068696,EHD
LP65068727,ES-GLOBALVALUE
LP65068747,BLTF75
LP65088595,ES-PREMIUMBRAND
LP65088597,BCARE
LP65088629,ES-CHEQ
LP65088645,ES-GLOBALFI
LP65088646,KWI EE EURO
LP65088647,ASP-ASIAN
LP65088653,TISCOCID
LP65088657,I-CHIC
LP65088659,KFENS50-A
LP65088666,K-MONEY
LP65092859,ES-GLOBALENERGY
LP65092861,KF-BIC
LP65092864,Q-PORT
LP65092885,UOBSGC
LP65092888,I-20
LP65092889,BIC
LP65092891,ASP-BRIC
LP65092893,KFCASHPLUS
LP65092894,1AM-DAILY-RA
LP65092944,SCBAEM
LP65105294,KWI MONEY
LP65105296,1GLOBALBOND
LP65105329,QHOP
LP65105335,KKP GHC
LP65105370,ABGEM
LP65109296,UOBSC
LP65109333,1US-OPP
LP65109382,K-AGRI
LP65109446,MNRF
LP65109467,UOBSAS100D
LP65109468,LUXF
LP65125351,K-GOLD-A(D)
LP65125419,PRINCIPAL EPIF
LP65125429,1AM-TG
LP65125457,KKP MP
LP65125484,KTFIX3M1
LP65125500,CTARAF
LP65125507,KTSIV3M1
LP65125517,KTSIV6M1
LP65125541,MMGOVMF
LP65125544,KTFIX3M2
LP65125560,KTSIV3M2
LP65125572,KTSIV6M2
LP65125591,MNIT2
LP65125595,KTFIX3M3
LP65125603,KTSIV3M3
LP65125615,HIDIV-D
LP65150750,IGOLD-G
LP65150759,KF-GOLD
LP65150769,TISCOOIL
LP65150814,I-OIL
LP65150863,TGOLD
LP65150868,SCBAUD
LP65150872,KF-OIL
LP65150878,KTSV
LP65150922,ASP-OIL
LP65150924,PRINCIPAL TREASURY
LP65150939,TISCOAP
LP68014500,ASP-GOLD
LP68014502,KT-ENERGY
LP68016351,SCBTMF
LP68016359,ASP-S&P500
LP68016363,GC
LP68016367,M-STOR
LP68016392,K-OIL
LP68016393,SSPF
LP68016409,TISCOUS-A
LP68016414,KWI EQ DIV
LP68016461,ABCG
LP68028465,M-PROPERTY
LP68028476,K-PLAN1
LP68028477,K-PLAN2
LP68028478,K-PLAN3
LP68028485,PGOLD
LP68028490,KT-FINANCE-A
LP68028500,K-CHINA-A(D)
LP68028524,ES-MAP
LP68028544,ONE-PROP
LP68028545,I-10
LP68028557,SCBCE
LP68028606,PRINCIPAL SET50-A
LP68028618,KF-CHINA
LP68028636,ASP-HSI
LP68028653,KF-LATAM
LP68039817,TW-E20
LP68039853,M-ACTIVE
LP68043360,ONE-EC14-RD
LP68043366,TISCOLAF
LP68043385,KT-OIL
LP68046960,BGOLD
LP68046965,ES-OIL
LP68046975,KT-MINING
LP68051084,IREITG
LP68054238,ES-GF-A
LP68054302,TTLPF
LP68058683,UOBSG-N
LP68058687,KT-GOLD
LP68058710,K-GEMO
LP68058718,UOBSDF
LP68059740,UOBSG-D
LP68063935,KFTRB-A
LP68063947,TISCOCH
LP68063958,SCBFP
LP68063969,PRINCIPAL VF-A
LP68063981,PRINCIPAL CII
LP68064001,KT-PRECIOUS
LP68078189,UOBSCI-N
LP68078255,UOBID
LP68078259,ES-GOLDS
LP68078728,UOBSCI-D
LP68085513,BFIXED
LP68085514,TNPF
LP68085525,ES-GOLDBULLION-H
LP68085526,ES-GOLDBULLION-UH
LP68085569,ABIG
LP68085588,FCF
LP68085592,I-Emerging 10S2
LP68085593,POPF
LP68085659,ES-GLOBALEQ
LP68085681,KTEF
LP68085705,KT-AGRIANDFOOD
LP68103467,I-DEVELOP
LP68103476,LHPF
LP68103483,K-INDIA-A(D)
LP68103542,SCBSE
LP68103543,SCBBANKING
LP68103545,SCBENERGY
LP68120707,I-ASEAN STAR 10
LP68120753,KKP SG-AA
LP68120767,SCBGOLDH
LP68120768,SCBGOLD
LP68128490,ONEPROP-SG
LP68128499,KKP ACT EQ-D
LP68128500,I-GOLD7S2
LP68128501,KT-PROPERTY-D
LP68128508,KT-ST
LP68128554,SCBSET50
LP68128567,KT-BOND
LP68128587,KKP PROP
LP68128610,LHMM-A
LP68128652,SCBGLOW
LP68128653,I-GOLD7S3
LP68140452,KKP GOLD
LP68140474,KWI ASIAN SM
LP68140504,PRINCIPAL iPROP-R
LP68140505,PRINCIPAL iPROP-D
LP68140530,PRINCIPAL DEF
LP68140537,LPF
LP68140557,UOBSG - H
LP68140597,ES-LOWBETA
LP68140598,TCMFENJOY
LP68140614,BSIRICG
LP68140620,ES-AASF
LP68140621,ES-AAMF
LP68140622,ES-AALF
LP68149616,PRINCIPAL iDAILY-R
LP68149618,MIX-D1585
LP68149673,TBOND1Y
LP68149695,KFUS-A
LP68149734,PRINCIPAL iDIV-R
LP68149799,KKP DIVIDEND
LP68149809,ABINC
LP68150389,PRINCIPAL iDAILY-D
LP68150390,PRINCIPAL iDAILY-A
LP68154238,PRINCIPAL iDIV-A
LP68154239,PRINCIPAL iDIV-D
LP68160576,PRINCIPAL iPROP-A
LP68160605,KF-HGOLD
LP68160619,ES-SET50DV2
LP68160621,TISCOHD-A
LP68160624,PRINCIPAL FI
LP68160644,QHHRREIT
LP68160657,SCBGLOB
LP68160660,SCBGSIF
LP68160678,B-TREASURY
LP68160728,SCBTMFPLUS-I
LP68160731,K-USA-A(D)
LP68160732,VFOCUS-D
LP68160733,PRINCIPAL APDI-A
LP68160756,CPNCG
LP68160768,SCBGLOWP
LP68166645,SCBSMART2
LP68166646,SCBSMART3
LP68166647,SCBSMART4
LP68166659,LHDEBT-A
LP68166660,LHEQD-A
LP68166661,LHDEBT-D
LP68166662,LHDEBT-R
LP68166663,LHEQD-D
LP68166664,LHEQD-R
LP68166677,SCBOIL
LP68166682,SCBCOMP
LP68166727,KF-EM
LP68166740,KFMX2TM
LP68166741,KFMXPLS2TM
LP68166791,PRINCIPAL iGOLD-R
LP68166799,PRINCIPAL iGOLD-A
LP68167277,SCBTMFPLUS-A
LP68167278,SCBTMFPLUS-B
LP68180630,PRINCIPAL iFIXED-R
LP68180631,PRINCIPAL iFIXED-A
LP68186683,SCBEMEQ
LP68186684,SCBS&P500
LP68187791,M-II
LP68192904,ES-US500
LP68193856,SCBGEQ
LP68199556,SPOT33S7
LP68200717,ES-DMIXED
LP68202244,SPOT33S8
LP68202609,ONEPROP-RD
LP68202611,SCBEMBOND
LP68202616,LHFL
LP68204319,KTILF
LP68204917,SCBCEH
LP68204927,SPOT33S10
LP68204930,K-USXNDQ-A(D)
LP68205545,SPOT33S11
LP68206318,KPNPF
LP68206321,BTSGIF
LP68206331,ES-IPLUS
LP68206335,KT-WCORP
LP68210217,SCBNK225
LP68210668,ES-PRIVILEGE
LP68211413,SPOT33S14
LP68211414,TUSREIT
LP68212169,KF-EUROPE
LP68212170,SPOT33S15
LP68212341,K-SF-A
LP68212793,LHGROWTH-A
LP68213901,LHGROWTH-R
LP68213902,LHGROWTH-D
LP68215489,ONE-PREMIER
LP68215862,TISCOMS-A
LP68217117,KTPLUS
LP68219780,ASP-AIF1
LP68219782,PEQ
LP68221239,TISCOJP
LP68221848,B-SENIOR
LP68225856,LHTPROP
LP68225857,ABJO
LP68225859,K-EUROPE-A(D)
LP68225873,KKP PROP-D
LP68226634,PRINCIPAL iBALANCED-R
LP68228320,KT-FLEX
LP68231765,SCBNK225D
LP68231769,MPDIVMF
LP68233792,I-SMART
LP68233794,KT-HiDiv-D
LP68235907,K-ASIA
LP68236535,SCB2576
LP68236536,SCB2586
LP68238582,CPTGF
LP68238716,SCBSFFPLUS-A
LP68238717,SCBSFFPLUS-B
LP68238719,SCBSFFPLUS-I
LP68241143,DIF
LP68242024,HPF
LP68242033,KT-OPP-A
LP68242676,KTFIX-1Y3Y
LP68242951,KT-OPP-D
LP68245890,TISCOEU-A
LP68247341,PRINCIPAL JEQ-A
LP68248330,TISCONA
LP68249092,SCBEUEQ
LP68249491,KT-EUROSM
LP68250386,UOBSJSM
LP68254233,JSM
LP68254654,SIRIP
LP68255846,K-GB-A(D)
LP68256424,PRINCIPAL KEQ
LP68260094,ASP-THEQ
LP68260095,PRINCIPAL GEF-A
LP68260101,UOBSHY
LP68260102,USHY
LP68260106,PRINCIPAL GSCEQ-R
LP68261234,ES-EG
LP68262059,M-PAT
LP68264043,PRINCIPAL KOS
LP68265270,PRINCIPAL iFIXED-C
LP68265312,ES-PIPF
LP68267630,WHART
LP68267786,TISCOLTF-B
LP68267981,ASP-CHINA
LP68269443,PRINCIPAL iPROP-C
LP68269920,PRINCIPAL iDAILY-C
LP68269921,PRINCIPAL iDIV-C
LP68271210,KFHEALTH-D
LP68271213,PRINCIPAL APEQ
LP68272635,KWI HCARE-A
LP68273004,KWI HCARE-D
LP68273819,TISCOGY
LP68275528,SCBKEQTG
LP68276811,K-GPROP-A(D)
LP68276812,UGH
LP68276815,UOBSHC
LP68277200,TSTARP
LP68277425,IMPACT
LP68278405,KF-SMCAPD
LP68278417,KT-IGF-R
LP68279712,BKIND
LP68280382,K-MIDSMALL
LP68280385,KT-WEQ-A
LP68280394,ES-COF
LP68282910,ES-ASIA
LP68282925,ES-SMCAP
LP68283806,KFHEUROP-A
LP68285455,B-NIPPON
LP68286346,ES-GRR
LP68286349,K-GHEALTH
LP68288882,KF-INCOME
LP68291493,K-JP-A(D)
LP68292176,LHSC
LP68292177,FTREIT
LP68293526,3BBIF
LP68295417,SCBMSE
LP68295427,TJREIT
LP68297725,HIDIVPLUSG
LP68297990,ASP-EUROPE QUALITY
LP68297992,KF-HJAPAND
LP68298141,UOBSGA
LP68298372,SCBCHA
LP68299796,TCHSTARP
LP68300123,PRINCIPAL DPLUS-A
LP68300814,KT-US-A
LP68300817,ES-JE
LP68304130,B-ASIA
LP68304133,ES-GQG
LP68305771,SCBINDIA
LP68306399,KT-ASEAN-A
LP68306407,M-MIDSMALL-D
LP68306409,KWI INDIA-D
LP68308195,KWI INDIA-A
LP68312028,KTMSEQ
LP68312525,KF-HCHINAD
LP68312529,TISCOC19
LP68313326,ONE-ACTIVE6/2
LP68313331,TGHSTARP
LP68315050,ES-CHCHALLENGE#1
LP68315161,K-ENERGY
LP68315164,TISCOC20
LP68316744,KFAINCOM-R
LP68316752,TISCOC21
LP68316754,UAI
LP68316755,UOBSAI
LP68317281,USHY-A
LP68317282,UOBSHY-A
LP68317820,K-ICT
LP68318464,M-FLEX
LP68318987,K-GINCOME-A(R)
LP68320241,EGATIF
LP68320245,PRINCIPAL EUEQ-A
LP68322879,ONE-STOXXASEAN
LP68323723,KT-mai
LP68323727,ES-HEALTHCARE
LP68324281,AMATAR
LP68326568,LHMSFL-R
LP68328819,KT-AASIA-A
LP68328824,TOIL6
LP68329058,SCBBLN
LP68331110,ASP-EUPROP
LP68331975,K-INDX
LP68332784,ES-GER
LP68332786,UTSME
LP68333599,SCBGHC
LP68334667,ONE-ULTRA
LP68335765,K-CHX
LP68335773,ES-EUROPEEQ
LP68335775,T-JapanEQ
LP68336551,B-GLOBAL
LP68336552,K-BANKING
LP68338976,SCBGIF
LP68338978,KKP ACT FIXED
LP68338979,PRINCIPAL GSA
LP68339893,ES-FINANCETH
LP68340737,UES
LP68340742,TISESG-D
LP68340746,TLHPF
LP68341870,ABAGS
LP68342631,KFCINCOM-A
LP68342633,LHPROP-I
LP68343523,K-EUSAGE
LP68344622,KT-HEALTHCARE-A
LP68344623,UGD
LP68344626,K-SGM
LP68345041,WHABT
LP68345278,MIT
LP68345548,SCBFST
LP68345550,TSTAR-UH
LP68346275,ES-INCOMEAI
LP68346279,KKP GNP
LP68346282,UGSE
LP68347735,LHHOTEL
LP68348501,KFAFIX-A
LP68348502,K-GHEALTH(UH)
LP68351316,TUSEQ-UH
LP68351627,KT-INDIA-A
LP68351628,ONE-UGG-RA
LP68351748,KT-INDIA-D
LP68352286,ES-PRIMELOWBETA
LP68352960,UGBF-A
LP68352965,SCBGPLUS
LP68355408,PRINCIPAL GIF
LP68355887,UGBF-N
LP68356121,MMM-PLUS
LP68356125,TISCOIN
LP68356344,K-AEC
LP68356894,KFTHAISM
LP68356895,SCBST555A
LP68357355,ES-JPNAE
LP68358641,ES-PROPINFRAFLEX
LP68360008,ONE-HOSPITAL
LP68360545,B-ASEAN
LP68360547,ES-USBLUECHIP
LP68361624,SCBPLUS
LP68361625,K-GINFRA-A(D)
LP68361692,KKP SMART MV
LP68362000,TINC-R
LP68362510,KFGPROP-D
LP68362735,UIDPLUS
LP68362736,K-SFPLUS
LP68363105,KT-GMO-A
LP68364617,GVREIT
LP68365406,ONE-ACT-RD
LP68366039,SCBLEQ
LP68366277,K-EUX
LP68366278,K-JPX-A(A)
LP68367249,LHIP-D
LP68367872,LHSMART-D
LP68367876,ES-MIXED7030
LP68368877,KTFIXPLUS-A
LP68368878,KTFIXPLUS-I
LP68370016,KFSMART-A
LP68370219,PRINCIPAL SIF-A
LP68370407,SCBEUSM
LP68370964,KT-JAPANSM-A
LP68370967,SCBUSSM
LP68371010,KT-JAPANSM-D
LP68372188,K-PROPI-A(D)
LP68372190,ES-GINCOME
LP68373870,UGMAC
LP68374481,KF-GLS
LP68375024,SCBDIGI
LP68375234,UPINCM
LP68376491,TUSFIX
LP68377789,ES-DINCOME
LP68378255,PRINCIPAL GERMANEQ
LP68378743,K-MVEQ
LP68379581,KT-PIF-D
LP68379606,KT-PIF-A
LP68380580,LHJAPE-D
LP68380979,KTSTPLUS-A
LP68380982,KTSTPLUS-I
LP68381140,KFGBRAND-D
LP68381532,B-HY (UH) AI
LP68381533,B-HY (H75) AI
LP68382446,SCBST555B
LP68383088,ES-GINFRA-A
LP68384869,TISCOFIX-A
LP68385999,SCBGSIFR
LP68386447,TDSLTF-A
LP68386448,TDSLTF-B
LP68387030,LHMSFL-D
LP68387031,LHMSFL-A
LP68387043,TMSLTF-A
LP68387044,TMSLTF-B
LP68387522,UFIN-N
LP68387523,UFIN-A
LP68387751,PRINCIPAL iGOLD-C
LP68388842,LHSMARTLTF-D
LP68388846,TISCODS
LP68388847,ES-TMSMV
LP68388848,SCBGPROP
LP68389190,SCBFLX
LP68389191,SCBTEQ
LP68389544,ES-LOWBETALTFD
LP68389588,KF-CSINCOM
LP68389589,KF-SINCOME
LP68390226,ONE-ACT70LTF
LP68390919,TCINCP-R
LP68391935,BBASICDLTF
LP68391937,TLFLEX
LP68392471,LHPROPINFRA-D
LP68392472,KKP SM CAP
LP68393646,ONE-SHARIAHLTF
LP68393662,SCBAPLUSA
LP68393667,SCBAPLUS
LP68394690,KTEF-LTF-L
LP68395141,TLLTFEQ
LP68396489,ES-ASIANPROP
LP68396547,TPRIME
LP68396697,KFLTFAST-D
LP68396698,KFLTFTSM-D
LP68397056,ABLTF 70/30
LP68397058,KS50LTF-C(L)
LP68397060,KKP SmartMV LTF
LP68397062,KMSLTF-C(L)
LP68397063,KMVLTF-C(L)
LP68397064,LHPROPIA-D
LP68397068,TISCOGC
LP68397979,UTSME-LTF
LP68398306,TMBTMSMVLTF
LP68398460,ES-ASIANBOND
LP68398919,WHAIR
LP68399072,KTSE-LTF-L
LP68399869,TLMMF-A
LP68399870,ES-SMCAPLTF
LP68401266,LHACTLTF-A
LP68401268,TLMSEQ-A
LP68401334,LHACTLTF-D
LP68402572,TLEQ
LP68402822,SRIPANWA
LP68404221,TFFIF
LP68404528,KTWG-A
LP68404532,KTWP-A
LP68405377,ONE-FIXED-A
LP68405378,SCBMPLUSA
LP68405649,PRINCIPAL TDIF-D
LP68406068,PRINCIPAL TDIF-C
LP68407022,SCBGINA
LP68407024,SCBGINR
LP68407745,UGIS-N
LP68407801,UGIS-A
LP68407954,KFGTECH-A
LP68408541,SCBGMTA
LP68408721,B-INNOTECH
LP68409294,ONE-POWER-ND
LP68409299,KT-CLMVT-A
LP68409300,LHSTRATEGY-R
LP68409637,KT-CLMVT-D
LP68410087,LHSTRATEGY-D
LP68410088,LHSTRATEGY-A
LP68412015,ES-DIV
LP68412073,KFTSTAR-D
LP68412352,PRINCIPAL GREITs
LP68412757,K-AFIXED
LP68412936,USDHY-A
LP68413409,SCBUSHYA
LP68413495,K-SEMQ
LP68413498,LHSTPLUS-A
LP68413652,USDHY-N
LP68413831,KT-CHINA-A
LP68414681,KFJPINDX-A
LP68414682,KFUSINDX-A
LP68414684,TISCOGEM
LP68414687,MIDSMALLLTF
LP68417261,ES-EAE
LP68417283,ASP-FFPLUSA
LP68417287,TISCOJPA
LP68419495,ASP-FFPLUSR
LP68420144,M-INCOMEAI
LP68420196,SCBABS
LP68421895,B-INCOME
LP68421896,PRINCIPAL GOPP-A
LP68422294,PRINCIPAL GOPP-C
LP68422519,TISCOBIG
LP68423774,ES-EBF
LP68423775,KT-SET50-A
LP68423776,KT-SET50-D
LP68424059,SCBSEA
LP68424969,ASPGIPLUS-A
LP68424970,KFJPSCAP-A
LP68424971,KF-JPSCAPD
LP68425732,ONE-APACPROP-RD
LP68428010,ASPGIPLUS-R
LP68428894,LHSELECT-D
LP68429555,KF-HSMUS
LP68429570,BRRGIF
LP68430989,SCBWINA
LP68430993,SCBWINR
LP68432934,LHGINCOME-A
LP68432935,LHGINCOME-R
LP68432936,LHGINCOME-D
LP68432937,ASP-SME-A
LP68432938,ASP-FLEXPLUS
LP68432940,KFHAPPY-A
LP68432941,KWI APREIT-R
LP68433375,TISCOGIF-R
LP68433609,KWI APREIT-A
LP68434671,K-FIXEDPLUS-A
LP68435988,SCBFPP
LP68435989,SCBSETP
LP68435990,SCBPMOP
LP68435991,SCBMSEP
LP68435992,SCBDAP
LP68435993,SCBDVP
LP68435994,SCBTMFPLUS-P
LP68436299,KFMINCOM-R
LP68436926,SCBBANKINGP
LP68436927,SCBENERGYP
LP68438063,LHGLIFEE-D
LP68439011,M-SMART INCOME-AC
LP68439013,ASP-ROBOT
LP68439014,KFTHAICG
LP68439015,SCBROBOA
LP68439123,SCBAEMHA
LP68439319,M-SMART INCOME-AR
LP68440052,K-ALLBASIC
LP68440056,B-BHARATA
LP68440437,KT-GOI-A
LP68440711,TISESG-A
LP68440875,TLEQ-THAICG
LP68441499,TISTECH-A
LP68441523,ES-THAICG
LP68441688,SCBTHAICGA
LP68441691,SCBTHAICGP
LP68441699,T-PrimePlusAI
LP68441707,KFINDIA-A
LP68441855,B-THAICG
LP68442746,KTBTHAICG-A
LP68442750,LHTOPPICK-R
LP68442751,LHTOPPICK-D
LP68442752,LHTOPPICK-A
LP68442994,PRINCIPAL VNEQ-A
LP68442995,PRINCIPAL VNEQ-I
LP68442996,PRINCIPAL VNEQ-C
LP68444092,K-FITL
LP68444093,K-FITS
LP68444094,K-FITM
LP68444299,KFLTFSTARD
LP68444557,SCBSEP
LP68444737,SCBSET50P
LP68444866,UEMIF-A
LP68444867,UEMIF-N
LP68445148,K-STAR-A(A)
LP68445392,K-FITXL
LP68445609,KT25/75-R
LP68445614,KT25/75-A
LP68447902,ONE-GLOBHY-R
LP68447903,ONE-GLOBHY-I
LP68448824,PRINCIPAL iDAILY-I
LP68450538,SCBPOPA
LP68450541,SCBPOPP
LP68450999,GAHREIT
LP68451331,KFTSTAR-A
LP68451388,ASP-SMELTF-T
LP68452052,KKP G-UBOND-H
LP68452053,LHSTGLTF-A
LP68452058,ES-GPROP
LP68452072,LHSTGLTF-D
LP68455186,UTHAICG
LP68455383,LHINDIAE-D
LP68455385,TLDIVLTF-D
LP68455736,SCBMLTA
LP68455739,SCBMLTP
LP68455744,HIDIVLTF
LP68455746,TUSFIN-A
LP68455757,K-APB-A(A)
LP68457229,PRINCIPAL GFIXED
LP68458059,ONE-TOP5M
LP68458948,CPNREIT
LP68459205,DREIT
LP68459725,SMO5A1
LP68459729,AIMIRT
LP68460032,K-GINCOME-A(A)
LP68461795,SSTRT
LP68464912,K-USXNDQ-A(A)
LP68465293,TCHT5M2
LP68465386,ASP-VIET-A
LP68465804,B-SENIOR-X
LP68466578,SI5A4
LP68466610,LHROBOTE-D
LP68467391,BOFFICE
LP68467525,KT-GCINCOME-A
LP68467527,KT-GCINCOME-R
LP68469063,ONE-GLOBFIN-RA
LP68469064,ONE-GLOBFIN-IA
LP68469065,ONE-GLOBFIN-RD
LP68469066,ONE-GLOBFIN-ID
LP68469603,UDB-A
LP68469606,KFHEALTH-A
LP68469617,KFAINCOM-A
LP68469618,KFMINCOM-A
LP68469875,KT-IGF-A
LP68469878,SCBSFFPLUS-P
LP68471751,M-SELECTCG
LP68472796,PRINCIPAL GMV-A
LP68472798,PRINCIPAL GMV-C
LP68472799,SCBINCA
LP68472800,SCBINCR
LP68473418,ONE-INDIAOPP-RA
LP68473419,B-WORK
LP68473509,ONE-INDIAOPP-IA
LP68473510,ONE-INDIAOPP-RD
LP68473511,ONE-INDIAOPP-ID
LP68473655,B-CHINE-EQ
LP68473765,TISCOINA-A
LP68473807,TLDIVEQ-D
LP68473808,LHEME-D
LP68474270,KFACHINA-A
LP68474672,KFGROWTH-A
LP68474678,UDB-N
LP68476157,SCBFINR
LP68476158,SCBFINA
LP68476788,K-EUSMALL
LP68476792,ONE-VIETNAM-RA
LP68476801,GI5EM1
LP68477244,LHDIGITAL-A
LP68477245,ASP-DISRUPT
LP68477249,LHDIGITAL-R
LP68477250,LHDIGITAL-D
LP68478112,KFHASIA-A
LP68478113,KTMEE-A
LP68478114,KTMEE-D
LP68478117,KTSUK-A
LP68478118,KTSUK-D
LP68478121,KTMUNG-A
LP68478122,KTMUNG-D
LP68478125,KTSRI-A
LP68478126,KTSRI-D
LP68478369,1AMSET50-ID
LP68478379,1AMSET50-RU
LP68478762,SCBOPPA
LP68478763,SCBOPPR
LP68478787,ONE-EUROEQ
LP68481014,SCBBANKINGA
LP68481165,SCBLEQA
LP68481166,SCBLEQP
LP68482671,TCMF-I
LP68483874,MS50LTF
LP68483876,TGINC-A
LP68483878,TGINC-R
LP68484479,SCBLTSEA
LP68484480,SCBLTSED
LP68484482,KFVIET-A
LP68484881,M-VI
LP68485416,KT-MFE-A
LP68485420,KT-MFB-A
LP68485424,KT-MAB-A
LP68485777,ONE-UGG-IA
LP68486116,KKP GNP-H
LP68488357,SCBCHEQA
LP68488359,SCBCHEQP
LP68488365,KFGOOD
LP68490200,SCBFIXEDA
LP68490999,KWI USBANK-A
LP68491155,KT-WTAI-A
LP68493176,ES-INDAE
LP68494145,KT-CSBOND-A
LP68496475,SCBJPSMA
LP68496478,SCBJPSMP
LP68497252,UGEAR
LP68500761,SCBGEQA
LP68500762,SCBGEQP
LP68500766,LHGEQ-A
LP68500767,LHGEQ-R
LP68500768,LHGEQ-D
LP68502032,B-FUTURE
LP68502175,M-SUKUK
LP68502177,UVO
LP68502964,KT-DHINCOME-A
LP68502970,PRINCIPAL iPROPPLUS
LP68507478,SCBPINA
LP68507480,SCBPIND
LP68507481,SCBPINP
LP68508809,ONE-ALLCHINA-RA
LP68509458,ES-SMARTBETA
LP68510495,PRINCIPAL iBALANCED-C
LP68511306,TCINCP-A
LP68511307,TINC-A
LP68511565,PRINCIPAL CHEQ-A
LP68511567,PRINCIPAL CHEQ-C
LP68512706,KKP ACT EQ-A
LP68513041,SCBLTSETA
LP68513042,SCBLTSETD
LP68513159,TGESG
LP68514098,SCBGEARA
LP68514389,PWIN
LP68515386,ONE-OPPORTUNITY6/2
LP68515387,KT-BRAIN-A
LP68515548,SCBSMART2A
LP68517065,ASP-EVOCHINA
LP68517066,ASP-INDIA
LP68517067,K-VIETNAM
LP68517949,UNI
LP68519621,MATECH-D
LP68523244,SCBCHAP
LP68523245,SCBCEHP
LP68523246,SCBNK225P
LP68523247,SCBCEP
LP68523289,SCBEUEQP
LP68523290,SCBEUSMP
LP68523291,SCBINDIAP
LP68523292,SCBKEQTGP
LP68523293,SCBS&P500P
LP68523363,KFLTFDNM-D
LP68523491,SCBGHCP
LP68524609,SCBGMLA
LP68524613,SCBGMLE
LP68525159,UGQG
LP68525161,K-CCTV-A(A)
LP68525652,ONE-FIXED-P
LP68525708,BCAP-MSCITH LTF
LP68527242,ONE-EC14-RA
LP68528867,SCBSETE
LP68531475,ES-APPF
LP68531931,ASP-AAA-A
LP68531932,ASP-AAA-R
LP68531933,LHEQDPLUS-A
LP68531934,LHEQDPLUS-D
LP68533004,KFHHCARE-A
LP68533005,KFHHCARE-D
LP68533310,SPRIME
LP68534262,ONE-SETHD
LP68535679,PRINCIPAL GINNO-A
LP68536319,PRINCIPAL GINNO-C
LP68536523,TGHDIGI
LP68536698,KKP SG-AA Extra
LP68536699,KKP SG-AA Light
LP68537758,UCHINA
LP68538358,B-TOPTENLTF
LP68538889,ES-MULTIINCOME
LP68540275,ASP-DGOV-R
LP68540276,ASP-DGOV-I
LP68540281,KT-JPFUND-A
LP68540303,TCINC
LP68540830,KKP ACT FIXED-F
LP68540840,KKP PLUS-F
LP68540928,KKP G-UBOND-H-F
LP68541849,KFSUPER
LP68541855,KT-SAGA-A
LP68541861,KWI AEPLUS-A
LP68542094,ASP-IHEALTH
LP68542305,ONE-GECOM
LP68542435,DAOL-MONEY-R
LP68542438,UDAILY
LP68544229,M-MEGA-A
LP68544230,M-MEGA-D
LP68547796,KFHTECH-A
LP68548670,K-CHANGE-A(A)
LP68549389,TISCOWB-A
LP68550826,UOBLTF-D
LP68550934,BCAP-GW10
LP68550935,BCAP-GW25
LP68550936,BCAP-GW50
LP68550937,BCAP-GW75
LP68550938,BCAP-GW90
LP68551592,ES-SET50ACC2
LP68553456,SUPEREIF
LP68554942,K-GPE19A-UI
LP68556157,MPII-D
LP68556161,TAREIT
LP68556447,SCBCHAE
LP68556448,SCBGOLDHE
LP68556449,SCBNK225E
LP68556450,SCBENERGYE
LP68556451,SCBBANKINGE
LP68556452,SCBTMFPLUS-E
LP68556453,SCBCEHE
LP68556454,SCBCEE
LP68556455,SCBSET50E
LP68556456,SCBGOLDE
LP68556698,SCBS&P500E
LP68556699,SCBKEQTGE
LP68556700,SCBINDIAE
LP68556701,SCBEUEQE
LP68556771,ASP-LEGACY-UI
LP68556778,KT-EMEQ-A
LP68556781,KKP PGE-H
LP68557396,PRINCIPAL GEF-C
LP68558335,TISCOCHA-A
LP68558940,K-AHY
LP68560583,ONE-DELIGHT-RD
LP68560614,ONE-DELIGHT-RA
LP68561479,K-HIT-A(A)
LP68561483,ES-GCORE
LP68561987,AIMCG
LP68562058,SCBSPICYA
LP68562102,SCBMILDA
LP68562106,SCBCLASSICA
LP68563323,SCBGOLDHP
LP68563414,SCBAEMP
LP68563415,SCBBLNP
LP68563711,SCBDIGIP
LP68563712,KT-CARE-A
LP68563731,KTSTPLUS-P
LP68564018,TBONDPVD
LP68564019,TFIXPVD
LP68564020,DAOL-GTECH
LP68565600,SCBUSSMP
LP68565601,SCBEMEQP
LP68565614,SCBGIFP
LP68566128,KPVDEQ
LP68566129,KPVDFI
LP68566130,KPVDSF
LP68567012,PVDFP
LP68567014,PVDTP
LP68567015,BEPVD
LP68567016,BFPVD
LP68567017,BTPVD
LP68567060,PVDFPP
LP68567065,PVDTPP
LP68567205,PRINCIPAL iFIXEDPVD
LP68567206,PVDKTFIX-1Y3Y
LP68567207,PVDKTSS
LP68567210,ES-PVD-FIX
LP68567211,ES-PVD-STFIX
LP68567212,ES-PVD-TREASURY
LP68567213,ES-PVD-MONEY
LP68567591,B-IR-FOF
LP68567592,LHDEBTPVD
LP68567593,LHMMPVD
LP68567594,MSHORTPVD
LP68567596,ES-GLOBALESG
LP68567829,ABFI-MF PVD
LP68567831,ABMM-MF PVD
LP68567856,TCMFPVD
LP68567857,TFIFPVD
LP68568028,SCBRAAA
LP68568724,K-FIXEDPRO
LP68568729,ES-IALLO
LP68569541,TGREIT
LP68571982,SCBPGFP
LP68571997,SCBROBOP
LP68571998,SCBGPROPP
LP68572134,PRINCIPAL GBRAND-A
LP68573368,MPII-A
LP68574732,K-USA-A(A)
LP68574758,UJAZZ
LP68574759,UPOP
LP68574760,UROCK
LP68575316,K-ALLGR-UI-A(A)
LP68575322,TCIEZERO
LP68576373,KFGBRAND-A
LP68576377,KFGPROP-A
LP68576389,DAOL-GOLD
LP68577554,LHPROPG-D
LP68578395,MDIVA-D
LP68578396,K-AB22A
LP68578397,MDIVA-A
LP68578398,MDIVA-ID
LP68578614,KFPREFER-A
LP68579070,KT-ESG-A
LP68579874,DAOL-MULTI
LP68581564,K-STAR-I(D)
LP68582024,BCAP-MFIX
LP68582025,ONE-DISC-RA
LP68583249,PRINCIPAL GEF-X
LP68583265,PRINCIPAL iPROPEN-D
LP68583282,PRINCIPAL iPROPEN-A
LP68583285,PRINCIPAL iPROPEN-C
LP68583286,DAOL-USREIT
LP68583287,KFENFIX
LP68583865,K-AHYA-UI
LP68584434,BPLUS
LP68585307,MPII-ID
LP68585309,BPLUS-R
LP68585324,SCBEQUALA
LP68585330,SCBLARGEA
LP68585331,SCBMOMENTA
LP68585332,SCBQUALITYA
LP68585333,SCBVALUEA
LP68585347,SCBEQUALE
LP68585350,SCBLARGEP
LP68585351,SCBLARGEE
LP68585355,SCBMOMENTE
LP68585358,SCBQUALITYP
LP68585359,SCBQUALITYE
LP68585363,SCBVALUEE
LP68586669,DAOL-GEQUITY
LP68587035,ALLY
LP68589639,BCAP-GE
LP68589979,K-WORLDX
LP68590646,DAOL-GSECURE
LP68590647,ES-GSBOND-A
LP68590897,SMART-PLUS
LP68590902,ES-GTECH
LP68592299,BCAP-GFIA
LP68592857,ASP-PROPIN-A
LP68592858,ASP-PROPIN-R
LP68592861,SCBDPLUSA
LP68592865,SCBSPLUSA
LP68594305,PRINCIPAL iBALANCED-D
LP68595546,K-AB22B
LP68595559,TCHTECH-A
LP68596220,ES-CHINAA
LP68596221,TTHREIT
LP68596222,UINC-N
LP68596223,UINC-A
LP68597336,KKP GINFRAEQ-H
LP68597339,LHWPLUS-A
LP68597340,LHWPLUS-D
LP68597341,LHWPLUS-E
LP68597342,TBIOTECH
LP68597343,T-ES-CHINA A
LP68598444,M-MULTI-A
LP68598445,M-MULTI-D
LP68598505,DAOL-TRBOND-A
LP68600246,B-ENHANCED
LP68600247,KKP SG-AA Ultra Light
LP68600255,BCAP-GPROP
LP68600609,KKP PROP-D-F
LP68600611,KKP DIVIDEND-F
LP68600613,KKP MP-F
LP68600835,KKP GNP-H-F
LP68600838,PBOND
LP68600847,KKP PGE-H-F
LP68600914,M-FOCUS
LP68601879,PRINCIPAL iDAILY-E
LP68601880,PRINCIPAL SET50-E
LP68602041,BCAP-USND100
LP68602210,BEQSSF
LP68602211,KFS100-A
LP68602212,TEG-SSF
LP68602542,KFHAPPYSSF
LP68602548,KFS100SSFX
LP68602549,KFCASHSSF
LP68602554,KFENS50SSF
LP68602555,KFAFIXSSF
LP68602651,ASP-SME-SSF
LP68602653,KT70/30S-SSF
LP68602654,KTESGS-SSFX
LP68602659,KKP SET50 ESG
LP68602661,K-SUPSTAR-SSFX
LP68602663,LHSMARTDSSF-SSF
LP68602671,MTF-SSFX
LP68602672,MTQ-SSFX
LP68602678,KFS100SSF
LP68602798,PRINCIPAL iPROPEN-SSF
LP68602801,PRINCIPAL TDIF-SSF
LP68602810,PRINCIPAL SET50SSF-SSF
LP68602811,PRINCIPAL SET50SSF-SSFX
LP68602934,KWI EQ
LP68602942,KWI EQ SSF
LP68603101,SCB70-SSFX
LP68603103,SCBEQ-SSFX
LP68603105,SCBSET-SSFX
LP68603107,ES-EQDSSFX
LP68603108,UOBEQ-SSFX
LP68603109,UOBEQ-SSF
LP68603395,KKP SET50 ESG-SSFX
LP68603396,KKP SET50 ESG-SSF
LP68603520,ONE-TCMSSF-SSF
LP68603525,KT70/30S-SSFX
LP68603845,KTESGS-SSF
LP68604106,LHSMARTDSSF-SSFX
LP68604151,DAOL-BOND6M
LP68604255,MTF-SSF
LP68604259,MTQ-SSF
LP68604432,PRINCIPAL GMV-X
LP68604448,TEG-SSFX
LP68604825,ONE-TCMSSF-SSFX
LP68604832,KFDIVSSF
LP68604833,KFGBRANSSF
LP68604969,ASP-SME-SSFX
LP68606183,UROCK-SSF
LP68606184,UPOP-SSF
LP68606185,UJAZZ-SSF
LP68606305,BCAP-TEQ
LP68606746,KKP SG-AA-SSF
LP68606980,K-FIXEDPLUS-SSF
LP68606981,K-STAR-SSF
LP68606990,K-GINCOME-SSF
LP68606991,K-CHANGE-SSF
LP68607232,BCAP-GFIO
LP68607233,MGFGD
LP68607503,ONE-UGG-ASSF
LP68607504,ONE-ALLCHINA-ASSF
LP68607900,KFDIVERS-A
LP68607936,KFDIVERS-R
LP68607950,DAOL-GIHEALTH
LP68608727,BM70SSF
LP68609299,KKP MP-SSF
LP68609300,KKP ACT FIXED-SSF
LP68609301,KKP SG-AA Light-SSF
LP68609302,KKP SG-AA Extra-SSF
LP68609303,KKP ACT EQ-SSF
LP68609304,KKP PROP-D-SSF
LP68609305,KKP PGE-H-SSF
LP68609514,ABTESSF
LP68609516,LHCHINA-A
LP68609517,LHCHINA-D
LP68609771,KFGDIV-A
LP68609772,KFGDIV-D
LP68609980,ABTESSFX
LP68610438,ASP-TOPBRAND-A
LP68610440,ASP-X
LP68610883,MCHINAGD
LP68610884,BCAP-GTAC
LP68611415,DAOL-GEDUCATION
LP68612398,MVMF
LP68612399,MVSSF
LP68612400,MIFMF
LP68612401,MIFSSF
LP68612403,MPDIVSSF
LP68613838,K20SLTF-A(D)
LP68613847,K70LTF-A(D)
LP68613850,KDLTF-A(D)
LP68613856,KEQLTF-A(A)
LP68613859,KGLTF-A(D)
LP68613860,KMSLTF-A(A)
LP68613862,KMVLTF-A(A)
LP68613863,KS50LTF-A(A)
LP68613867,SCBLTT-SSF
LP68613869,SCBLT2-SSF
LP68613870,SCBSMART2-SSF
LP68613871,SCBSE-SSF
LP68613872,SCBLT3-SSF
LP68613873,SCBLT4-SSF
LP68613874,SCBGOLDH-SSF
LP68613875,SCBFP-SSF
LP68613883,SCBDV-SSF
LP68613884,SCBLT1-SSF
LP68613885,SCBLTSET-SSF
LP68613886,SCBSFFPLUS-SSF
LP68613892,SCBPIN-SSF
LP68613929,SCBPLUSA
LP68613938,1S-LTF-NT
LP68613941,HIDIVMF
LP68613943,MAMF
LP68613945,MGMF
LP68613946,MIDSMALLMF
LP68613947,MS50MF
LP68613954,1SG-LTF-NT
LP68613955,TDLTF-N
LP68613956,TISCOLTF-N
LP68613957,TMSLTF-N
LP68613958,TDSLTF-N
LP68614052,KT-PIF-SSF
LP68614053,SCBLEQ-SSF
LP68614054,SCBS&P500-SSF
LP68614055,ASP-GLTF-A
LP68614056,ASP-SMELTF-A
LP68614057,ASP-LTF-A
LP68614237,SCBGSIF-SSF
LP68614238,TCLOUD
LP68614239,K-AHYB-UI
LP68614244,ES-GCG-A
LP68614245,PRINCIPAL GEDTECH-A
LP68614252,X-SEQS-RD
LP68614283,X-SEQS-RA
LP68614284,X-SEQS-ID
LP68614285,X-SEQS-IA
LP68614286,X-SEQS-DSSF
LP68614287,X-SEQS-ASSF
LP68614684,B-INCOMESSF
LP68614685,B-FUTURESSF
LP68615315,SCBDM
LP68615460,LHMEGA-A
LP68615465,LHMEGA-D
LP68615466,LHMEGA-E
LP68615821,LHPROPIA-ASSF
LP68615822,LHSTRATEGY-DSSF
LP68615823,LHSTRATEGY-ASSF
LP68615824,LHPROPIA-DSSF
LP68615825,KTMEE-SSF
LP68615826,KTSRI-SSF
LP68615827,KTSUK-SSF
LP68615831,KTMUNG-SSF
LP68616266,LHGEQ-DSSF
LP68616267,LHGEQ-ASSF
LP68616641,SCBWIPA
LP68616645,SCBWIPR
LP68616646,SCBWIPD
LP68616767,BCAP-TFACTOR
LP68617360,K-GOLD-A(A)
LP68618729,K-GTPE20A-UI
LP68618732,KT-Ashares-A
LP68618733,KTHH
LP68618735,BCAP-GW10 SSF
LP68618736,BCAP-GW25 SSF
LP68618737,BCAP-GW50 SSF
LP68618738,BCAP-GW75 SSF
LP68618739,BCAP-GW90 SSF
LP68618741,DAOL-CHIG
LP68618823,TINC-SSF
LP68618918,AIA-ES50
LP68618919,AIA-IC
LP68618920,AIA-ST
LP68618921,AIA-TEQ
LP68618922,AIA-THDIS
LP68619139,MPDIVUNIT
LP68619140,MPDIVPVD
LP68619676,LHGOLD-A
LP68619677,LHGOLD-D
LP68619678,LHGOLD-E
LP68619679,MRENEW-D
LP68619830,MIPLUS-G
LP68620270,SCBDM2
LP68620281,UESG
LP68620286,KBSPIF
LP68620293,K-ASIACV-A(A)
LP68620398,LHDEBT-L
LP68620399,LHDEBT-E
LP68620677,PROSPECT
LP68620678,IREITPVD
LP68620679,MGAPVD
LP68621850,K-PLANET-A(A)
LP68621994,UOBSD-SSF
LP68622252,UGQG-SSF
LP68622253,LHCHINA-E
LP68623409,HIDIVPLUSUNIT
LP68623410,HIDIVPLUSPVD
LP68624076,LHSTRATEGY-E
LP68624077,LHPROPIA-E
LP68624078,LHPROPINFRA-E
LP68624325,LHGEQ-E
LP68624590,UFFF
LP68624593,DAOL-OSHOP
LP68626292,KFLTFDIV-D
LP68626293,KFLTFD70-D
LP68626294,KFLTFEQ-A
LP68626295,KFLTF50-A
LP68626296,MMM-SSF
LP68626297,MMGOVSSF
LP68626298,SMARTSSF
LP68626578,SCBFSTP
LP68626958,PRINCIPAL GCLOUD-A
LP68626961,BMAPS25
LP68627004,BMAPS55
LP68627005,BMAPS100
LP68627983,KKP TECH-H
LP68627986,KFCORE
LP68628944,MGTECH
LP68628953,ES-GINNO-A
LP68629149,LHDIGITAL-E
LP68629150,LHGLIFEE-A
LP68629151,LHGLIFEE-E
LP68629233,LHROBOTE-A
LP68629234,LHROBOTE-E
LP68629235,LHPROPG-A
LP68629236,LHPROPG-E
LP68630011,LHESPORT-A
LP68630016,T-ES-ChinaA-SSF
LP68630018,ES-GTECHSSF
LP68630019,TNEXTGEN-A
LP68630021,DAOL-PLAY
LP68630024,LHESPORT-D
LP68630025,LHESPORT-E
LP68630184,KKP TECH-H-SSF
LP68630651,SCBLTSED-2020
LP68630652,SCBLTSEA-2020
LP68630653,SCBLTT-2020
LP68630654,SCBLT2-2020
LP68630655,SCBLTSETA-2020
LP68630656,SCBLTSETD-2020
LP68630657,SCBLT3-2020
LP68630658,SCBLT4-2020
LP68630659,SCBLT1-2020
LP68631341,UGH-SSF
LP68631342,UNI-SSF
LP68631343,UOBSHC-SSF
LP68631344,TISCOCHA-SSF
LP68631345,TSF-SSF
LP68631346,TISCOMS-SSF
LP68631526,TCHTECH-SSF
LP68631869,UCI
LP68631870,USUS
LP68632061,UPINCM-N
LP68632844,KKP TECH-H-F
LP68633036,AIA-GAA
LP68633037,AIA-GMA
LP68633038,AIA-GCA
LP68633688,KKP ACT EQ-F
LP68633689,KKP SM CAP-F
LP68633690,KKP SET50 ESG-F
LP68633737,BCAP-CTECH
LP68633745,SCBGEESGA
LP68633748,SCBGEESGP
LP68633749,LHGDYNAMIC-A
LP68633750,LHGDYNAMIC-D
LP68633751,LHGDYNAMIC-E
LP68633756,ES-APLUS
LP68633775,ES-GGREEN
LP68633907,KKP GINFRAEQ-H-F
LP68633909,KKP GOLD-F
LP68634607,PRINCIPAL iGOLD-E
LP68634841,ONE-GLOBALTOP8M8
LP68635258,PRINCIPAL GOPP-SSF
LP68635993,SCBMLCAA
LP68636000,UDB-SSF
LP68636029,UCHINA-SSF
LP68636047,UGIS-SSF
LP68636191,MGFGA
LP68636192,MGFSSF
LP68636195,MCHINAGA
LP68636196,MCHINASSF
LP68636200,MGFPVD
LP68636201,MGFIA
LP68636202,MCHINAPVD
LP68636203,MCHINAIA
LP68636617,ES-FIXEDSSF
LP68636886,1AM-DAILY-SSF
LP68636920,LHMM-L
LP68637074,ONE-DISC-ASSF
LP68637394,KFACHINSSF
LP68637559,BCAP-GOLD
LP68637563,TGENOME
LP68638413,KTF13
LP68638414,KTF14
LP68638415,KTF15
LP68638416,KTF16
LP68638417,KTF17
LP68638418,KTF18
LP68638420,M-EM
LP68639534,SCBUSAA
LP68639537,SCBUSAP
LP68640196,ASP-EUG
LP68640197,ASP-JHC-A
LP68640202,DAOL-CYBER
LP68640221,LHINNO-A
LP68640223,LHINNO-D
LP68640224,LHINNO-E
LP68641150,MRENEW-A
LP68641151,MRENEW-PVD
LP68641153,MRENEW-IA
LP68641154,MATECH-A
LP68641155,MATECH-PVD
LP68641156,MATECH-IA
LP68641685,K-AHYD-UI
LP68641688,ONE-GLOBALTOP8M9
LP68641689,PRINCIPAL GHEALTH-A
LP68641690,SCBAAA
LP68641691,USGE-PVD
LP68642206,KKP G-THEME-H
LP68642207,KKP G-THEME-H-SSF
LP68642208,TCHCON
LP68642248,KKP G-THEME-H-F
LP68643171,LHGROWTH-E
LP68643179,LHEQD-E
LP68643213,B-GTO
LP68643216,SCBAOA
LP68643218,ONE-GLOBALTOP8M10
LP68643470,LHINDIAE-A
LP68643471,LHINDIAE-E
LP68643493,LHEME-A
LP68643494,LHEME-E
LP68643647,LHGINCOME-E
LP68643670,LHJAPE-A
LP68643671,LHJAPE-E
LP68643851,K-GPROP-A(A)
LP68644029,ASP-TRIGGER 6M3
LP68644030,KT-TMT3
LP68644198,MFTECH
LP68645009,KFINFRA-A
LP68645011,UCHI
LP68645014,DAOL-TENERGY
LP68645413,ONE-GLOBALTOP8M11
LP68646510,B-SIP
LP68646511,KT-ASIAG-A
LP68646513,ONE-GLOBALTOP8M12
LP68647410,KT-ASIAG-SSF
LP68647918,SCBCLEANA
LP68647920,ASP-POWER
LP68647923,KT-TMT4
LP68647924,ONE-GLOBALTOP8M12A
LP68647925,MEURO-G
LP68647928,UEV
LP68648274,SCBCLEANP
LP68648417,ES-AUTOMATION
LP68648426,ES-GENOME
LP68648427,ES-INTERNET
LP68648428,ES-FINTECH
LP68648429,TNEWENGY
LP68648541,KFCLIMA-A
LP68649018,MBT-U
LP68649019,MBT-PVD
LP68649298,KT-CLIMATE-A
LP68649303,KT-CLIMATE-SSF
LP68649312,LHGREEN-A
LP68649332,LHGREEN-D
LP68649333,LHGREEN-E
LP68649334,LHGREEN-IA
LP68649559,K-CHINA-SSF
LP68650343,KFINNO-A
LP68650365,AIA-DFI
LP68650366,AIA-GEQ
LP68650367,AIA-US500
LP68650370,MD8M1
LP68650371,ONE-GLOBALTOP8M14
LP68650372,PRINCIPAL GCLEAN-A
LP68650375,DAOL-DEWORLD
LP68650609,SCBCHINA
LP68650637,ABGS-A
LP68650996,UFFF-I
LP68651099,K-ATECH
LP68651100,KTF19
LP68651101,KTF20
LP68651102,KTF21
LP68651103,KTF22
LP68651104,KTF23
LP68651105,KTF24
LP68651106,K-FI22G
LP68651107,K-FI22H
LP68651108,K-FI22I
LP68651109,K-FI22J
LP68651784,LHPROPIA-A
LP68651785,TISCOFIX-SSF
LP68651973,BCAP-SET
LP68652007,SCBDJI(A)
LP68652010,SCBDJI(P)
LP68652011,SCBDJI(E)
LP68653204,MCANN
LP68653205,ONE-GLOBALTOP8M15
LP68653206,ONE-GLOBALTOP8M16
LP68653207,P-CGREEN
LP68653208,DAOL-CANAB
LP68653963,KKP G-HYB-H-UI
LP68653965,SCBCTECHA
LP68653966,USI
LP68653983,SCBCTECHP
LP68654153,BCAP-XHEALTH
LP68654681,MIF-U
LP68654682,MIF-PVD
LP68654863,K-CHINA-A(A)
LP68654864,K-USA-SSF
LP68654871,ASP-T12
LP68654872,K-AHYC-UI
LP68654873,KT-TMT5
LP68656337,LHMOBILITY-A
LP68656340,ONE-UJE-RA
LP68656359,LHMOBILITY-D
LP68656360,LHMOBILITY-E
LP68656920,USUS-SSF
LP68657422,KT-CHINABOND-A
LP68657425,SCBGEX(A)
LP68657453,KT-CHINABOND-SSF
LP68658304,KFAHYBON-A
LP68658306,MCBOND
LP68658307,PRINCIPAL CHTECH-A
LP68658308,SCBGTTG2
LP68658309,DAOL-BOND6M2
LP68659386,SCBCTECHE
LP68660074,K-STN-UI-A(A)
LP68660076,SCBTRAVEL(A)
LP68660077,TUSMS
LP68660078,SCBCHTG2
LP68660079,ES-STARTECH
LP68660088,SCBTRAVEL(P)
LP68660089,SCBTRAVEL(E)
LP68660479,M-MIDSMALL-A
LP68660480,M-MIDSMALL-SSF
LP68660481,M-MIDSMALL-PVD
LP68660824,KFCMEGA-A
LP68660826,B-FINTECH
LP68660830,TSP1-PRESERVER
LP68660831,TSP2-NURTURER
LP68660832,TSP5-GOGETTER
LP68660833,TSP4-EXPLORER
LP68660834,TSP3-BALANCER
LP68661001,SCBAEMHP
LP68661680,B-CHINESSF
LP68661714,KT-TMT6
LP68661720,SCBSEMI(A)
LP68661721,DAOL-EVOSEMI
LP68661728,SCBSEMI(P)
LP68661729,SCBSEMI(E)
LP68661730,SCBSEMI(SSF)
LP68662809,SCBCHA-SSF
LP68662811,TSF-MF
LP68662846,ASP-EVOCHINA-SSF
LP68662847,B-GTOSSF
LP68662848,BCAP-CLEAN
LP68662849,KT-GEQ-A
LP68662852,LHSEMICON-A
LP68663780,UOBLTF-NTD
LP68664708,LHSEMICON-D
LP68664709,LHSEMICON-E
LP68664712,SCBIHEALTH(A)
LP68664715,SCBIHEALTH(P)
LP68664716,SCBIHEALTH(E)
LP68664717,SCBIHEALTH(SSF)
LP68664718,GROREIT
LP68665156,KFAFIX-C
LP68665197,KKP SEMICON-H
LP68665198,KKP SEMICON-H-F
LP68665199,KKP SEMICON-H-SSF
LP68666410,ES-CHILL
LP68666411,SCBEUROPE(A)
LP68666414,SCBEUROPE(P)
LP68666416,SCBEUROPE(SSF)
LP68666900,K-ASIAX
LP68666901,K-US500X-A(A)
LP68666910,TCHT5M4
LP68668473,KKP GIMPACT-H
LP68668475,KKP GIMPACT-H-SSF
LP68668476,LHCYBER-A
LP68668477,LHCYBER-D
LP68668478,LHCYBER-E
LP68668479,MCHEVO
LP68668480,SCBABOND(A)
LP68668481,SCBGTO
LP68669554,ONE-APACESG
LP68669558,SCBBLOC(A)
LP68670754,SCBBLOC(P)
LP68670755,SCBBLOC(E)
LP68670759,KFFITG1
LP68671546,INETREIT
LP68671797,KFFITG2
LP68671815,K-WPULTIMATE
LP68671816,K-WPSPEEDUP
LP68671817,K-WPSPARK
LP68671818,K-WPLIGHT
LP68671819,K-WPBALANCED
LP68672038,DAOL-EUROPE
LP68672154,SCBENERGYA
LP68672156,SCBPMOA
LP68672157,SCBCHAA
LP68672158,SCBDVA
LP68672388,SCBGPROPA
LP68672389,SCBS&P500A
LP68672390,SCBBLNA
LP68672391,SCBEUEQA
LP68672392,SCBINDIAA
LP68672493,SCBGHCA
LP68672494,SCBEMEQA
LP68672496,KFESG-A
LP68672497,KFESG-I
LP68672587,SCBNEXT(A)
LP68672591,SCBNEXT(E)
LP68672592,SCBNEXT(SSF)
LP68672593,SCBINNO(A)
LP68672597,SCBINNO(E)
LP68672598,SCBINNO(SSF)
LP68672599,SCBGENOME(A)
LP68672603,SCBGENOME(E)
LP68672604,SCBGENOME(SSF)
LP68672605,SCBFINTECH(A)
LP68672609,SCBFINTECH(E)
LP68672610,SCBFINTECH(SSF)
LP68672611,SCBAUTO(A)
LP68672614,SCBAUTO(P)
LP68672615,SCBAUTO(E)
LP68672616,SCBAUTO(SSF)
LP68672618,KT-TMT7
LP68672620,KTGNEXT
LP68672622,B-USALPHA
LP68674487,KFGG-A
LP68674491,SCBNDQ(A)
LP68674545,KFGG-I
LP68674583,SCBNDQ(P)
LP68674584,SCBNDQ(E)
LP68674585,SCBNDQ(SSF)
LP68674818,SCBCTECH-SSF
LP68675584,ABGDD-A
LP68675586,ABGDD-R
LP68675587,ABGDD-SSF
LP68676005,ES-SPlus
LP68676007,PRINCIPAL USEQ-A
LP68676023,PRINCIPAL USEQ-C
LP68676024,PRINCIPAL USEQ-X
LP68676349,LHHEALTH-A
LP68676350,LHHEALTH-D
LP68676351,LHHEALTH-E
LP68676352,BCAP-GMA
LP68676353,BCAP-GMA Plus
LP68677638,SCBUSA(E)
LP68677639,SCBUSA(SSF)
LP68678098,TFINTECH
LP68678105,KT-EUROTECH-A
LP68678119,KT-EUROTECH-SSF
LP68679179,SCBDJI(SSF)
LP68679616,BCAP-DISRUPT
LP68679620,K-GDBOND-A(A)
LP68680008,KFCLIMASSF
LP68680009,KFGGSSF
LP68680010,KFINFRASSF
LP68680011,KFUSSSF
LP68680986,SCBJAPAN(A)
LP68680989,SCBJAPAN(P)
LP68680991,SCBJAPAN(SSF)
LP68680994,B-VIETNAM
LP68681010,LHEUROPE-A
LP68681011,LHEUROPE-D
LP68681012,LHEUROPE-E
LP68681013,LHEUROPE-ASSF
LP68681014,LHEUROPE-DSSF
LP68681017,SCBINDEQ(A)
LP68681829,SCBPIN(E)
LP68682021,KFGMIL-A
LP68682026,ES-CONBOND
LP68682269,KKP G-HYB-H-UI-R
LP68682434,KFGMIL-I
LP68682599,SCBINDEQ(P)
LP68682603,B-SIPSSF
LP68682613,MCONVERT
LP68683793,KKP PLUS-SSF
LP68683804,KKP SM CAP-SSF
LP68683805,KKP SMART MV-SSF
LP68683806,KKP GNP-SSF
LP68683807,KKP DIVIDEND-SSF
LP68683831,K-ALLRD-UI-A(A)
LP68683841,SCBASHARES(A)
LP68683946,KKP G-UBOND-H-SSF
LP68683947,KKP GNP-H-SSF
LP68684110,LHVN-A
LP68684111,LHVN-D
LP68684112,LHVN-E
LP68684113,PRINCIPAL VTOPP-A
LP68684116,UGFT
LP68684124,SCBASHARES(P)
LP68684126,SCBASHARES(SSF)
LP68684701,ABAPAC-SSF
LP68684702,ABGS-SSF
LP68684703,ABAGS-SSF
LP68684704,ABCG-SSF
LP68684993,KTBSTMR
LP68685042,M-EDGE
LP68685043,TLUSNDQ-H-A
LP68685047,tsp1-preserver-SSF
LP68685048,tsp2-nurturer-SSF
LP68685049,tsp3-balancer-SSF
LP68685050,tsp4-explorer-SSF
LP68685051,tsp5-gogetter-SSF
LP68685052,DAOL-AQUA
LP68685154,TISCOWB-SSF
LP68685397,TISCOHD-SSF
LP68685586,KFGBRAND-I
LP68685587,KFHHCARE-I
LP68685600,TISCOEU-SSF
LP68685603,TNEXTGEN-SSF
LP68685604,TISCOUS-SSF
LP68685821,TLUSNDQ-H-SSF
LP68686024,B-USALPHASSF
LP68686029,ONE-LS2-UI
LP68686540,MRENEW-SSF
LP68686679,KWI FIPVD
LP68686681,SCBWORLD(A)
LP68686709,SCBWORLD(P)
LP68686710,SCBWORLD(E)
LP68686711,SCBWORLD(SSF)
LP68688052,MTOP2
LP68688846,AFMOAT-HA
LP68688857,AFMOAT-HSSF
LP68688867,M-META
LP68689032,UCI-SSF
LP68689033,UEV-SSF
LP68689903,KFFVPE-UI
LP68690041,LH-THAPE1UI
LP68690042,SCBMEGA(A)
LP68690048,KT-TRIGB1
LP68690379,SCBGEX(SSF)
LP68690977,KFINFRA-I
LP68691701,TCYBER
LP68691702,ES-VIETNAM
LP68693046,KKP INCOME-H
LP68693057,KKP INCOME-H-R
LP68693059,KKP INCOME-H-SSF
LP68693060,MCONT
LP68693061,ONE-MEDTECH
LP68693067,SCBGPA(A)
LP68693070,DAOL-BOND6M3
LP68693169,UGFT-SSF
LP68693184,UGBF-SSF
LP68693327,ASP-DIGIBLOC
LP68693520,SCBEUSME
LP68693885,ASP-DIGIBLOC-SSF
LP68693890,KKP NDQ100-H
LP68694144,KFHEUROP-I
LP68695014,TBRAND
LP68695016,KT-TRIGB2
LP68695017,KT-GESG-A
LP68695022,KT-GESG-SSF
LP68695023,KFCYBER-A
LP68695027,KFCYBER-I
LP68695478,KKP NDQ100-H-F
LP68695479,KKP NDQ100-H-SSF
LP68696032,ONE-METAVERSE
LP68696418,M-EUBANK
LP68696889,SCBBLNE
LP68697038,K-GA-A(A)
LP68697216,B-SMEQ
LP68697217,KKP TQG
LP68697228,KKP TQG-SSF
LP68697232,SCBEV(A)
LP68697241,SCBEV(E)
LP68697245,SCBEV(SSF)
LP68697788,ASP-CHINABOND-A
LP68697789,ASP-CHINABOND-R
LP68697790,K-ALLEN-UI-A(A)
LP68698177,K-CBOND-Z
LP68698178,K-FIXED-Z
LP68698327,ABINNO-A
LP68698328,KT-EPIC-A
LP68698332,ABINNO-SSF
LP68698979,B-GLOB-INFRA
LP68698980,KFGPE-UI
LP68698996,SCBVIET(A)
LP68699000,SCBVIET(E)
LP68699001,SCBVIET(SSF)
LP68699448,UST-N
LP68699450,UST-SSF
LP68699807,KSLTF-A
LP68700627,K-DFIXED
LP68700636,LHTREASURY-A
LP68700637,LHTREASURY-L
LP68701475,KFGBRAN-ID
LP68701723,KKP VGF-UI
LP68701724,AIA-TMA
LP68701725,AIA-TCA
LP68701726,AIA-TAA
LP68701727,KWI SENERGY-A
LP68701728,KWI SENERGY-SSF
LP68701729,MVIET
LP68701730,PRINCIPAL GMA-A
LP68701731,TRAREEARTH
LP68702143,UOBSGA-N
LP68702505,AIA-IAA
LP68702506,AIA-ICA
LP68702507,AIA-IMA
LP68702511,LHUSFIN-A
LP68702512,LHUSFIN-D
LP68702513,LHUSFIN-E
LP68702514,LHUSFIN-ASSF
LP68702515,LHUSFIN-DSSF
LP68702516,MGMVOL
LP68702518,PRINCIPAL VNTG7M1
LP68702520,SCBCIO(A)
LP68703676,KTFIXPLUS-X
LP68704981,PRINCIPAL VNEQ-X
LP68704989,KT-BLOCKCHAIN-A
LP68705354,PRINCIPAL APDI-C
LP68705362,PRINCIPAL JEQ-C
LP68706101,KKP S-PLUS
LP68706102,KKP S-PLUS-F
LP68706103,KKP S-PLUS-SSF
LP68706106,B-INNOTECHSSF
LP68706232,PRINCIPAL EUEQ-X
LP68706313,MIPLUS-SSF
LP68706846,DAOL-VIETGROWTH
LP68707084,B-ASIASSF
LP68708288,BCAP-GPE22A UI
LP68708291,PRINCIPAL GESG-A
LP68708295,SCBAXJ(A)
LP68708296,TVIETNAM
LP68708300,PRINCIPAL GESG-C
LP68708306,SCBAXJ(P)
LP68708307,SCBAXJ(E)
LP68708308,SCBAXJ(SSF)
LP68708713,KFGTECH-I
LP68708910,SCBSET50(SSF)
LP68708911,SCBCE(SSF)
LP68708943,KT-LUXURY-A
LP68708948,KT-LUXURY-SSF
LP68708950,UGREF-UI-N
LP68709347,SCBPGF(SSF)
LP68709421,DAOL-THAITRIG6M
LP68711434,PRINCIPAL APDI-X
LP68711879,KFJPINDX-I
LP68711886,KFUSINDX-I
LP68711940,KFACHINA-I
LP68711952,KFHASIA-I
LP68711953,KFCLIMA-I
LP68712088,SCBPGF(E)
LP68712235,LHDIVB-A
LP68712236,LHDIVB-D
LP68712237,LHDIVB-E
LP68712238,LHDIVB-ASSF
LP68712239,LHDIVB-DSSF
LP68712244,PRINCIPAL THTG6M1
LP68712251,DAOL-XPROP-A
LP68712254,DAOL-XPROP-D
LP68712446,LHMM-ASSF
LP68713210,MHEALTHG
LP68713757,SCBCE(SSFE)
LP68713758,SCBSMART2(SSFE)
LP68713759,SCBFP(SSFE)
LP68713760,SCBSE(SSFE)
LP68713761,SCBCHA(SSFE)
LP68713762,SCBLT1(SSFE)
LP68713763,SCBLT2(SSFE)
LP68713764,SCBLT3(SSFE)
LP68713765,SCBLT4(SSFE)
LP68713766,SCBLTT(SSFE)
LP68713767,SCBPIN(SSFE)
LP68713768,SCBGOLDH(SSFE)
LP68713769,SCBLTSET(SSFE)
LP68713770,SCBSET50(SSFE)
LP68713771,SCBSFFPLU(SSFE)
LP68713772,SCBDV(SSFE)
LP68713832,SCBAUTO(SSFE)
LP68713833,SCBEV(SSFE)
LP68713834,SCBEUROPE(SSFE)
LP68713836,SCBGENOME(SSFE)
LP68713837,SCBINNO(SSFE)
LP68713838,SCBJAPAN(SSFE)
LP68713839,SCBNEXT(SSFE)
LP68713840,SCBPGF(SSFE)
LP68713841,SCBSEMI(SSFE)
LP68713842,SCBUSA(SSFE)
LP68713843,SCBDJI(SSFE)
LP68713844,SCBNDQ(SSFE)
LP68713845,SCBVIET(SSFE)
LP68713846,SCBWORLD(SSFE)
LP68713847,SCBASHARE(SSFE)
LP68713873,SCBS&P500(SSFE)
LP68713874,SCBCTECH(SSFE)
LP68713875,SCBFINTEC(SSFE)
LP68713876,SCBGSIF(SSFE)
LP68713877,SCBIHEALT(SSFE)
LP68713878,SCBLEQ(SSFE)
LP68714566,LHGEQP-A
LP68714567,LHGEQP-E
LP68714568,LHGEQP-DSSF
LP68714569,LHGEQP-D
LP68714570,LHGEQP-ASSF
LP68714571,ONE-CHINATOP10M-UH
LP68716006,KFYENJAI-A
LP68717013,KT-VIETNAM-A
LP68717025,SCBGQUAL(A)
LP68717028,SCBGQUAL(P)
LP68717029,SCBGQUAL(E)
LP68718428,KFVIET-I
LP68718525,SCBCLEAN(E)
LP68718561,MGAI
LP68718991,KT-VIETNAM-SSF
LP68719405,UINFRA-N
LP68719816,UINFRA-SSF
LP68719893,ASP-PRE-UI-A
LP68719895,MINFRA
LP68719899,TCHSTRATEGY
LP68719902,DAOL-REALASSETS
LP68720225,KFLTPC-UI
LP68720275,KTF2YB-BR
LP68720347,KTSTPLUS-SSF
LP68720512,SCBGVALUE(A)
LP68720515,SCBGVALUE(P)
LP68720516,SCBGVALUE(E)
LP68721087,ASP-PRE-UI-D
LP68722283,PRINCIPAL JEQ-X
LP68723499,ES-INDONESIA
LP68723793,TLSMALLEQ-A
LP68723821,TLSMALLEQ-SSF
LP68723824,ONE-LS3-UI
LP68724794,KTFIXPLUS-SSF
LP68724795,KT-Ashares-SSF
LP68724963,KFESGSSF
LP68724964,KFVIETSSF
LP68725381,ABCNEXT-A
LP68725383,ES-FIX2YBB
LP68725387,KFCMEGASSF
LP68725597,KFJPSCAP-I
LP68725640,KFHTECH-I
LP68725887,MHEALTHSSF
LP68725888,MHEALTHPVD
LP68726407,ES-USTECH
LP68726408,KTF2YC-BR
LP68726409,PRINCIPAL GBRAND-C
LP68726673,KFCMEGA-I
LP68726726,TUSTECH-A
LP68727128,KFUS-I
LP68727188,ABCNEXT-SSF
LP68727799,MSI20AI
LP68727802,SCBINDO(A)
LP68727860,TUSTECH-SSF
LP68728070,KKP PREIT-UI
LP68728071,KKP PREIT-UI-R
LP68728696,KT-US-SSF
LP68729355,KT-ASEAN-SSF
LP68729979,KT-ASIANBOND-A
LP68731190,KT-INDIA-SSF
LP68731191,BCAP-MONEY
LP68731640,TGHIDIV
LP68731644,KTF23MA-BR
LP68732384,KKP ACT FIXED-ES
LP68732512,KKP SG-AA Ultra Light-ES
LP68732513,KKP SG-AA Ultra Light-SSF
LP68732514,KKP SG-AA Light-ES
LP68732515,KKP SG-AA Extra-ES
LP68732516,KKP GINFRAEQ-H-SSF
LP68732517,KKP GNP-H-ES
LP68732518,KKP SG-AA-ES
LP68732519,B-GLOB-INFRASSF
LP68733389,SCBRS2000(A)
LP68733390,SCBRS2000(SSF)
LP68733394,SCBRS2000(P)
LP68733395,SCBRS2000(E)
LP68733397,SCBLT1(SSFA)
LP68733732,SCBS&P500(SSFA)
LP68733902,SCBVIET(SSFA)
LP68734352,ASP-APR-UI
LP68734353,ASP-FIXED 6M1
LP68734354,BCARESSF
LP68734355,B-VIETNAMSSF
LP68734360,K-VIETNAM-SSF
LP68734420,KTIF2
LP68734424,K-GPA22A-UI
LP68734466,TLMSEQ-SSF
LP68734467,TLMMF-SSF
LP68734597,KT-CHINA-SSF
LP68734772,KT-GCINCOME-SSF
LP68734799,SCBTEQP
LP68735096,KT-JAPANSM-SSF
LP68736998,LHSTRATEGY-O
LP68736999,LHSTPLUS-ASSF
LP68737002,TUSTREASURY
LP68737009,KT-PROPERTY-A
LP68737013,KT-PROPERTY-SSF
LP68737180,LHCHINA-ASSF
LP68737181,LHCHINA-DSSF
LP68737182,LHVN-ASSF
LP68737183,LHVN-DSSF
LP68737184,LHCYBER-ASSF
LP68737185,LHCYBER-DSSF
LP68737248,ABSM-SSF
LP68738244,K-GB-C(A)
LP68738245,K-JPX-C(A)
LP68738246,K-GINFRA-C(A)
LP68738247,K-US500X-C(A)
LP68738608,SCBTHOR2YA
LP68738763,KFTRB-I
LP68738775,K-SF-SSF
LP68738786,KFSPLUS-I
LP68738787,KFSMART-I
LP68738788,KFVALUE-I
LP68738789,KFAFIX-I
LP68738790,KFCINCOM-I
LP68739192,KFGPROP-I
LP68739193,KFINNO-I
LP68739200,KFGDIV-I
LP68739440,KT-HEALTHCARE-SSF
LP68739448,KT-WEQ-SSF
LP68739466,KT-FINANCE-SSF
LP68739834,ES-FIX2YLA
LP68739838,KFI2YA-BR
LP68739842,MEGA10-A
LP68739843,MEGA10-SSF
LP68739845,MSI22AI
LP68739851,KFI3YB-BR
LP68740208,M-ASIA
LP68740897,DAOL-FXALPHA-UI-A
LP68741009,UESG-D
LP68741010,UESG-SSF
LP68741011,UESG-SSF-D
LP68741039,DAOL-FXALPHA-UI-D
LP68741463,MSI23AI
LP68741579,KKP SMART MV-M
LP68741580,KKP ACT FIXED-M
LP68741581,KKP PLUS-M
LP68741582,KKP TQG-M
LP68741583,KKP S-PLUS-M
LP68741584,KKP DIVIDEND-M
LP68741585,KKP ACT EQ-M
LP68741586,KKP SM CAP-M
LP68741762,K-STAR-C(A)
LP68741763,KKP SEMICON-H-M
LP68741764,KKP GINFRAEQ-H-M
LP68741765,KKP G-UBOND-H-M
LP68741766,KKP INCOME-H-M
LP68741767,KKP PGE-H-M
LP68741768,KKP GNP-H-M
LP68741769,KKP TECH-H-M
LP68743544,K-GPE22B-UI
LP68743699,TGCINC-A
LP68743700,TGCINC-R
LP68744377,KT-GREEN-A
LP68744384,KT-GREEN-SSF
LP68744711,TCHT5M5
LP68745050,ONE-CHINATOP10M2
LP68745054,ES-GDIV
LP68745762,LHTFIXAI1
LP68745763,PRINCIPAL CHTG6M2
LP68745768,K-ALLEN-UI-C(A)
LP68745954,K-CHANGE-C(A)
LP68745986,K-ALLGR-UI-C(A)
LP68746443,ASP-GCC-UI
LP68746444,DAOL-INNOVA
LP68746939,PRINCIPAL GCF-C
LP68747617,B-PREMIUM
LP68747618,KF1MAX-A
LP68747619,KF1MEAN-A
LP68747620,KF1MILD-A
LP68747969,KF1MAX-I
LP68747971,KF1MEAN-I
LP68747973,KF1MILD-I
LP68748473,KKP CHINA-H
LP68748474,KKP CHINA-H-F
LP68748475,KKP CHINA-H-SSF
LP68748637,MMGOVP
LP68748855,MUBOND-A
LP68748856,MUBOND-D
LP68748860,MSI24AI
LP68748861,LHCOMPLEXAI2
LP68749000,TUSBOND-A
LP68749331,MSI25AI
LP68749333,TEQT5M9
LP68749528,ES-LOVE
LP68750644,ASP-CHINATRIG 3M1
LP68750660,ONE-LS4-UI
LP68750792,PRINCIPAL FI2Y1AI
LP68754263,B-DYNAMIC BOND
LP68754271,KT-TRIG7
LP68754274,LHTRIG7M
LP68754276,TCHCLEAN
LP68754277,SCBTG3
LP68754278,TEQT5M10
LP68757473,BCAP-VISPE22BUI
LP68757485,KWI TTG6M1
LP68757489,MSI26AI
LP68757490,MTOP4
LP68758661,MSI27AI
LP68759517,SCBLINK2YA
LP68759722,TUSLINK1
LP68760223,UQI-N
LP68760227,ASP-THAITRIG 5M1
LP68760789,KT-ARB-A
LP68760792,KT-TRIG8
LP68761104,MDSHARC1YD
LP68761540,UQI-SSF
LP68761570,TNASDAQ-A
LP68761571,TNASDAQ-SSF
LP68762778,KT-HiDiv-A
LP68763065,ONE-COMPLEXRETURN
LP68765927,SCBGLOB(P)
LP68766260,LHCOMPLEXAI3
LP68766268,SCBLINK2YB
LP68767481,TEQT5M11
LP68768498,ABCA-A
LP68768501,ASP-FIXED 6M2
LP68768507,SCBLINK2YC
LP68768730,KTSUPAI3Y1
LP68769259,MSI29AI
LP68769888,ES-GDIV-Acc
LP68769910,KFCSI300-A
LP68769912,KFCSI300-I
LP68770040,KFS100-I
LP68770126,UPREQ1-UI
LP68770136,DTOP
LP68771082,KKP GNP-ES
LP68771091,ASP-FIXED 6M3
LP68771093,B-DYNAMICSSF
LP68771101,PRINCIPAL GQE-A
LP68771713,PRINCIPAL DPLUS-E
LP68772453,LHMCMULTIUI-A
LP68773029,ASP-FIXED 6M4
LP68773036,MT2Y4AI
LP68773898,MSI30AI
LP68774344,HIDIV-AR
LP68774465,K-GVC23A-UI
LP68774911,UIFT-N
LP68774913,UIFT-SSF
LP68775066,K-STEQ-C(A)
LP68775087,KTWC-DEFENSIVE-A
LP68775088,KTWC-GROWTH-A
LP68775089,KTWC-MODERATE-A
LP68775373,PRINCIPAL GQE-C
LP68775380,LHMCMULTIUI-D
LP68775381,TUSBOND-SSF
LP68775939,ONE-LS5-UI
LP68775940,SCBGA(A)
LP68776500,KKP GNP-M
LP68776975,MREBOUND-AI
LP68777001,KTFT6
LP68777006,SCBASF1YG1
LP68777339,KTWC-MODERATE-SSF
LP68777349,KTWC-GROWTH-SSF
LP68777355,KTWC-DEFENSIVE-SSF
LP68777382,KWI GOV6M1
LP68777387,KFNDQ-A
LP68777470,KFNDQ-I
LP68777837,PRINCIPAL LTF-X
LP68778811,ES-USDCR1YB
LP68778812,UTEQC1Y1
LP68778814,BCAP-MNH UI
LP68778821,MSI31AI
LP68778823,SCBASF1YG2
LP68778864,DAOL-BOND3M
LP68778865,KKP PGE-UH
LP68779546,MSI32AI
LP68779548,SCBLINK2YD
LP68779727,TVNT8M2
LP68780501,KTTWIN1Y1
LP68780644,KKP PGE-UH-F
LP68780645,KKP PGE-UH-SSF
LP68780647,KKP PGE-UH-M
LP68780830,ES-GOVCP1Y5
LP68780831,ES-USDCR1YC
LP68780834,SCBCP1Y9
LP68780838,LHCOMPLEXAI4
LP68781134,MEURO-SSF
LP68781143,MUBOND-SSF
LP68781375,KF1MAXSSF
LP68781377,KF1MEANSSF
LP68781379,KF1MILDSSF
LP68781381,KFCORESSF
LP68782111,K-GTECH
LP68783060,KFSINCFX-A
LP68783062,KFSINCFX-R
LP68783063,KFSINCFX-I
LP68783299,ASP-SC-UI-A
LP68783497,SCBMLT(E)
LP68783498,SCBMLT(SSF)
LP68783499,SCBMLT(SSFE)
LP68783811,SCBMLCA(E)
LP68783812,SCBMLCA(SSF)
LP68783813,SCBMLCA(SSFE)
LP68783825,ES-TEQ6M1
LP68783834,KTTWIN1Y2
LP68783841,TEQT5M12
LP68784622,MSI33AI
LP68784623,MSI34AI
LP68784624,MUBONDUH-D
LP68785000,K-CHAPE23A-UI
LP68785001,KCR1YJ-BR
LP68785004,KGB1YK
LP68785781,ES-USDCR1YD
LP68785905,MUBONDUH-A
LP68785906,MUBONDUH-SSF
LP68786557,MEUCRED1-UI
LP68786558,DAOL-ALPHABONDS
LP68786559,ES-GAINCOME-RI
LP68787159,ASP-SME-I
LP68787420,KGB1YL
LP68787423,ALPHA-AGG-UI
LP68787424,ALPHA-MOD-UI
LP68787425,KFWINDX-A
LP68787427,KFWINDX-I
LP68788255,ABGFIX-A
LP68788256,AIA-SEL
LP68788258,KGB1YM
LP68788261,KWI VIETNAM
LP68788264,ASP-USSMALL
LP68788265,M-MIX20
LP68788266,M-MIX50
LP68788267,M-MIX70
LP68788269,SCBCP1Y10
LP68788790,LHHEALTH-DSSF
LP68788791,LHHEALTH-ASSF
LP68788806,TGLINK2
LP68789235,PRINCIPAL GCREDIT-A
LP68789236,BCAP-USL
LP68790151,M-S50-SSF
LP68790165,HIDIV-SSF
LP68790349,IGOLD-SSF
LP68790555,ONE-ULTRAPLUS-ASSF
LP68790556,ONE-ULTRAPLUS-RA
LP68790559,DAOL-USTBILL
LP68790563,KKP NDQ100-UH
LP68790565,B-TOP-THAIESG
LP68790566,MFAI-Roll6M
LP68790567,MGOV-Roll6M
LP68790571,UGLDC1Y1
LP68791108,ASP-ThaiESG
LP68791111,ES-SETESG-ThaiESG-A
LP68791112,ES-SETESG-ThaiESG-D
LP68791113,ES-SETESG-A
LP68791120,KFTHAIESGA
LP68791121,KFTHAIESGD
LP68791122,KKP EQ THAI ESG
LP68791123,KKP GB THAI ESG
LP68791131,KTESG50-ThaiESG
LP68791132,K-TNZ-ThaiESG
LP68791133,K-TNZ-A(A)
LP68791135,KWI ThaiESG-A
LP68791136,KWI ThaiESG-D
LP68791139,LHTHAIESG-A
LP68791140,MEGA20THAIESG
LP68791141,MFLEX-ThaiESG
LP68791142,MGOV1Y1
LP68791143,MT25-ThaiESG
LP68791151,ONE-THAIESG
LP68791159,PRINCIPAL EQESG-ThaiESG
LP68791167,SCBTM(ThaiESGA)
LP68791168,SCBTM(ThaiESG)
LP68791173,SCBTP(ThaiESGA)
LP68791174,SCBTP(ThaiESG)
LP68791176,SCBTA(ThaiESGA)
LP68791177,SCBTA(ThaiESG)
LP68791181,T-ThaiESG-A
LP68791182,T-ThaiESG-D
LP68791183,UTSEQ-THAIESG
LP68791315,KKP NDQ100-UH-F
LP68791316,KKP NDQ100-UH-SSF
LP68792307,DCAF-R
LP68792309,KGB1YN
LP68792453,KTAG70/30-ThaiESG
LP68792458,KTAG-ThaiESG
LP68792848,PRINCIPAL GCREDIT-C
LP68792869,LHTHAIESG-D
LP68793088,DCAF-I
LP68793234,MEGA10CHINA-A
LP68793235,MEGA10CHINA-SSF
LP68793503,ASP-SC-UI-D
LP68793504,ASP-SC-UI-R
LP68793693,KJG6MC
LP68793696,TGOV7M1
LP68794037,SCBDBOND(A)
LP68794042,TGBOND-A
LP68794337,UGLDC1Y2
LP68794535,ES-GINFRA-D
LP68794545,BP3/24 (AI)
LP68794546,ES-GSBOND-D
LP68794786,KGB1YP
LP68794787,KGB1YQ
LP68794791,SCBDSHARC1YI
LP68795148,ES-JPNBRCR1YB
LP68795149,KGB6MAT
LP68795153,MFAI-Roll6M2
LP68795154,ONE-LS6-UI
LP68795274,K-INDIA-A(A)
LP68795559,KGB6MAU
LP68795560,MGOV-Roll3M
LP68795819,TGBOND-R
LP68795927,ES-GINNO-SSF
LP68795942,ES-GCG-SSF
LP68795949,ES-GF-D
LP68796091,KKP NDQ100-UH-E
LP68796272,ES-GOVCP1Y6
LP68796274,MDSHARC1YE
LP68796277,TGQUALITY-A
LP68796282,TGQUALITY-SSF
LP68796639,ASP-INDO-UI
LP68796640,B3/24
LP68796642,KFTGB1Y1
LP68796643,KGB6MAV
LP68796644,KKP EMXCN-H-A
LP68796645,KKP EMXCN-UH-A
LP68796647,SCBCP1Y11
LP68797874,M-USTBILL
LP68797876,PRINCIPAL FI1Y1AI
LP68797877,ASP-CPGOV 6M1
LP68797879,ES-GOVCP6M12
LP68797880,KGB1YR
LP68797883,MGOV1Y2
LP68797884,MSI35AI
LP68797885,SCBASF6MV3
LP68798519,KFTGB6M25
LP68798521,KKP GC-UI
LP68798524,KTSUPAI65
LP68798525,LHUS-A
LP68798526,LHUS-D
LP68798528,LHUS-ASSF
LP68798529,LHUS-DSSF
LP68798532,TGOV9M1
LP68798533,KT-TECHNOLOGY-A
LP68798538,KT-TECHNOLOGY-SSF
LP68798539,SCBMONEY(A)
LP68798540,SCBMONEY(R)
LP68799780,SCBCP6M39
LP68799865,BP4/24 (AI)
LP68799866,BP5/24 (AI)
LP68799883,KTGOV6M16
LP68799884,SCBASF6MV4
LP68799890,KFF6MCT-BR
LP68799891,KFJGB6M10
LP68799894,MGOV6M5
LP68799895,SCBASF6MV5
LP68799896,UGLDC1Y3
LP68799897,B4/24
LP68799899,B5/24
LP68799900,KJG6MD
LP68799902,KTSUPAI66
LP68799903,MFAI-Roll6M3
LP68800115,KKP GC-UI-R
LP68800619,DAOL-BHARAT
LP68800620,ES-GOVCP6M13
LP68800621,KGB6MAX
LP68800622,KTGOV6M4T
LP68800623,ONE-GO2
LP68800624,SCBASF6MV6
LP68800626,SCBLOWBETA(A)
LP68800631,SCBLOWBETA(SSF)
LP68801515,KFF6MCU-BR
LP68801516,MGPROP-AR
LP68801518,SCBGOV6M1
LP68801520,SCBGOV6M2
LP68801522,B6/24
LP68801523,B7/24
LP68801524,B-ASIATECH
LP68801527,KFFAI6M94
LP68801528,KFSGB6M1
LP68801529,KGB1YS
LP68801530,UGOV6M9
LP68801534,SCBASF6MV7
LP68802080,KKP EMXCN-H-M
LP68802081,KKP EMXCN-UH-M
LP68802085,KKP EMXCN-H-SSF
LP68802088,KKP EMXCN-UH-SSF
LP68802321,BP6/24 (AI)
LP68802322,BP7/24 (AI)
LP68802323,ES-GOVCP6M14
LP68802340,KFGLOBAL-A
LP68802412,KFGLOBAL-I
LP68802414,KTGOV6M17
LP68802415,KTSUPAI67
LP68802416,LHBLUESKY-A
LP68802417,LHBLUESKY-D
LP68802419,MDSHARC1YF
LP68802421,MGOV1Y3
LP68802422,MKAI6S15
LP68802423,SCBASF6MV8
LP68802440,MGPROP-AC
LP68803193,KFFAI6M95
LP68803194,KFFAI6M96
LP68803195,KGB6MAS
LP68803202,KKP GVALUE-H
LP68803203,KKP GVALUE-UH
LP68803380,SCBGOV6M3
LP68803381,SCBGOV6M4
LP68803801,TISCOAI
LP68803804,BCAP-XDIGI
LP68803805,KFJGB6M11
LP68803806,KGB6MAY
LP68803807,B-SI-THAIESG
LP68803810,KTSUPAI68
LP68804312,SCBASF6MV9
LP68804313,UGOV1Y1
LP68804533,MMFPVD
LP68804534,TLFVMR-ASIAX
LP68804546,B8/24
LP68804547,B9/24
LP68804548,KFFAI6M97
LP68804549,KGB1YT
LP68804551,KTGOV6M5T
LP68804552,MGOV6M6
LP68804555,PRINCIPAL SHARK6M1
LP68804566,SCBASF1YG5
LP68804567,SCBDSHARC1YJ
LP68804570,SCBGOV6M5
LP68804572,UGOV6M10
LP68805373,BCAP-GPE23A UI
LP68805375,BP8/24 (AI)
LP68805376,BP9/24 (AI)
LP68805377,ES-GOVCP6M15
LP68805380,KFTGB6M26
LP68805388,KGB6MAZ
LP68805389,KTGOV6M18
LP68805390,KTSUPAI69
LP68805393,MINDIA
LP68806466,KFF6MCV-BR
LP68806467,KKP US500-H
LP68806468,KKP US500-UH
LP68806469,MKAI6S16
LP68806470,SCBASF1YG6
LP68806471,SCBDSHARC1YK
LP68806472,SCBGOV6M6
LP68806473,SCBGOV6M7
LP68806474,SCBGOV6M8
LP68806476,KFGLOBFX-A
LP68806477,KFJGB11M2
LP68806478,KFTGB6M27
LP68806482,SCBASF1YG7
LP68806483,SCBASF1YG8
LP68806623,KFINDIA-I
LP68806789,KFGLOBFX-I
LP68806955,ASP-FCN-AI
LP68806967,ES-GOVCP6M16
LP68806968,KGB11MC
LP68806970,KTSUPAI70
LP68807689,SCBINCP
LP68807921,BP10/24 (AI)
LP68807922,BP11/24 (AI)
LP68807923,KGB11MD
LP68807924,KGB5MD
LP68807925,KTGOV6M6T
LP68807926,KTSUPAI71
LP68807929,TEQT5M14
LP68807930,TGOV7M2
LP68808290,KFSGB6M2
LP68808476,B10/24
LP68808477,B11/24
LP68808479,MEGA10AI-A
LP68808481,MGOV6M7
LP68808482,SCBASF1YG9
LP68808484,SCBGOV6M9
LP68808485,X-Plus
LP68809178,KFTGB6M28
LP68809409,ASP-SC(UH)-UI-A
LP68809410,ES-GOVCP6M17
LP68809411,KGB6MBA
LP68809412,KGB6MBB
LP68809413,K-GPEQ-UI
LP68809414,KJG6ME
LP68809415,KJG6MF
LP68809416,KTGOV3M23
LP68809417,KTGOV3M24
LP68809418,KTGOV6M19
LP68809420,KTSUPAI72
LP68809421,KTSUPAI73
LP68809422,LHGFOCUSUI
LP68809424,MKAI6S17
LP68809425,MKAI6S18
LP68809426,MPCREDIT-UI
LP68809428,SCBGOV6M10
LP68809429,SCBGOV3M14
LP68809430,SCBGOV3M15
LP68809431,SCBGOV6M11
LP68809432,SCBGOV6M12
LP68809433,SCBGOV6M13
LP68809434,SCBSNLOAN(A)
LP68809435,UGOV6M11
LP68809436,KFSGB6M3
LP68809438,SCBASF1YH1
LP68809759,KGB1YU
LP68809912,KKP GVALUE-UH-M
LP68809913,KKP GVALUE-UH-SSF
LP68809923,KKP GVALUE-H-M
LP68809924,KKP GVALUE-H-SSF
LP68810701,MEGA10AI-SSF
LP68810704,HYDROGEN
LP68810992,B-ST
LP68810993,KFF6MCW-BR
LP68810994,KGSTEPA
LP68810995,MSI36AI
LP68810996,MSI37AI
LP68810997,SCBASF6MW1
LP68811428,SCBSNLOAN(D)
LP68812237,ES-GOVCP6M18
LP68812238,KFFAI6M98
LP68812239,KFJGB3M1
LP68812240,KTGOV6M7T
LP68812241,KTPCREDH-UI-A
LP68812242,KTPCRED-UI-A
LP68812243,SCBASF6MW2
LP68812244,SCBGOV3M16
LP68812245,SCBGOV6M14
LP68812246,SCBSHARC1YB
LP68812247,TEMxCH
LP68812248,UGOV6M12
LP68812638,KKP US500-UH-M
LP68812639,KKP US500-UH-SSF
LP68812643,KKP US500-H-M
LP68812644,KKP US500-H-SSF
LP68812818,PRINCIPAL VNEQ-USD
LP68812933,KTSUPAI74
LP68812934,LHGBLOCK-A
LP68812935,LHJGOV3M4
LP68812936,MGOV6M8
LP68812937,UGOV1Y2
LP68812938,DAOL-KOREAEQ
LP68812939,ES-GOVCP1Y7
LP68812940,MBTCETF-UI
LP68812941,ONE-BTCETFOF-UI
LP68812942,SCBGOV3M17
LP68812943,SCBGOV3M18
LP68812944,SCBGOV6M15
LP68812945,SCBGOV6M16
LP68813128,LHGBLOCK-D
LP68813129,LHGBLOCK-E
LP68813130,LHGBLOCK-ASSF
LP68813131,LHGBLOCK-DSSF
LP68813304,KTPCREDH-UI-R
LP68813305,KTPCRED-UI-R
LP68813485,KFTGB6M29
LP68813839,ASP-MAG7-AI
LP68813840,BP12/24 (AI)
LP68813841,BP13/24 (AI)
LP68813843,ES-GOVCP6M19
LP68813844,KFSGB6M4
LP68813845,KGB6MBC
LP68813846,KTGOV3M25
LP68813847,KTGOV6M1TK
LP68813848,KTSUPAI75
LP68813849,KTSUPAI76
LP68813850,LHGOV6M1
LP68813851,SCBASF6MW3
LP68813964,B12/24
LP68813965,B13/24
LP68813966,KGB6MBD
LP68813967,KGB6MBE
LP68813969,SCBASF6MW4
LP68813970,SCBASF6MW5
LP68813971,SCBCLIMATE(A)
LP68814878,ES-SET50-D
LP68814991,KKP INDIA-H
LP68814992,KKP INDIA-UH
LP68814993,KFFAI7M1
LP68814994,KFGGB5M1
LP68814995,KTGOV3M26
LP68814996,LHJGOV3M5
LP68814997,MGOV1Y4
LP68814998,MSI38AI
LP68814999,MSI39AI
LP68815009,SCBGOV6M17
LP68815534,ES-GOVCP6M20
LP68815536,K-ESGSI-ThaiESG
LP68815537,KGB1YO
LP68815538,KGSTEPB
LP68815539,KT-GOLDUH-A
LP68815544,M-USEQUH
LP68815545,SCBASF6MW6
LP68815546,SCBGOV3M19
LP68815547,SCBGOV3M20
LP68815548,SCBGOV6M18
LP68815549,SCBVNALPHA
LP68815550,UGOV6M13
LP68816086,KFTGB1Y2
LP68816675,BP14/24 (AI)
LP68816721,KFFAI7M2
LP68816722,KFJGB6M12
LP68816723,KFPCD-UI
LP68816724,KJG6MG
LP68816725,KTFUSD3M8
LP68816726,KTGOV3M27
LP68816727,KTSUPAI77
LP68816728,LHGOV6M2
LP68816729,M-USEQH
LP68816730,SCBASF6MW7
LP68816731,SCBGOV3M21
LP68816732,SCBGOV6M19
LP68816733,SCBTHOR1YA
LP68816734,SCBTHOR1YB
LP68816735,TGOV7M3
LP68816736,UGISFX-N
LP68817649,ES-GOVCP6M21
LP68817650,KTGOV3M28
LP68817651,MKAI3S3
LP68817652,PRINCIPAL CPGB1Y2
LP68817653,KGB6MBF
LP68817654,KTFUSD3M9
LP68817655,KTGOV6M2TK
LP68817656,SCBGOV3M22
LP68817657,SCBGOV3M23
LP68817658,SCBGOV6M20
LP68817659,SCBGOV6M21
LP68817660,SCBTHOR1YC
LP68817661,UGOV6M14
LP68818094,KFTGB6M30
LP68818243,UGISFX-SSF
LP68818252,B14/24
LP68818253,B15/24
LP68818254,KFGB6MA(USD)
LP68818255,KGB1YV
LP68818256,KT-JAPANALL-A
LP68818262,MCHINA1YA-UI
LP68818263,SCBASF6MW8
LP68818264,SCBASF6MW9
LP68819757,ASP-SC(UH)-UI-R
LP68819778,KFJGB11M3
LP68820015,B-EUPASSIVE
LP68820016,B-JPPASSIVE
LP68820017,B-USPASSIVE
LP68820023,BP15/24 (AI)
LP68820024,BP16/24 (AI)
LP68820025,ES-GINCOME-UH
LP68820026,ES-GOVCP6M22
LP68820030,KFF6MCX-BR
LP68820031,KFSGB6M5
LP68820032,KGB6MBG
LP68820033,KTFFE2S
LP68820037,KTGOV3M29
LP68820038,KTGOV6M3TK
LP68820039,SCBASF6MX1
LP68820040,SCBGOV3M24
LP68820041,SCBGOV6M22
LP68820042,SCBTHOR1YD
LP68821315,K-GSELECT
LP68821316,K-GSELECTU
LP68821317,KKP TECH-UH
LP68821318,LHGPAFUI-A
LP68821319,MEGA10EURO-A
LP68821321,SCBGOV3M25
LP68821322,SCBGOV6M23
LP68821323,SCBTHOR1YE
LP68821324,TGOV7M4
LP68821325,UGOV6M15
LP68821326,BP17/24 (AI)
LP68821327,ES-GOVCP6M23
LP68821328,ES-LINK2Y4MA
LP68821329,KFFAI6M99
LP68821330,KFGBTHAIESG-A
LP68821331,KFJGB6M13
LP68821333,KTFFE3S
LP68821334,KTGOV3M30
LP68821337,SCBASF6MX2
LP68821365,MEGA10EURO-SSF
LP68822023,KKP INDIA-UH-SSF
LP68822024,KKP INDIA-H-SSF
LP68822523,BP18/24 (AI)
LP68822526,PRINCIPAL INDIAEQ-A
LP68822527,TNDQT5M4
LP68822531,KFFAI6M100
LP68822532,KFJGB1Y1
LP68822534,KTGOV3M31
LP68822539,SCBASF6MX3
LP68822540,SCBGOV3M26
LP68822541,SCBGOV6M24
LP68822542,SCBGOV6M25
LP68822543,SCBTHOR1YF
LP68823791,PRINCIPAL INDIAEQ-C
LP68824021,SCBASF6MX4
LP68824024,SCBGOV3M27
LP68824573,ES-GAINCOME-RP
